County,County_State,Population,Male,Female,White,Black,Native,Asian,Pacific,Hispanic,Per_Capita_Income,Poverty_Count,Poverty_Rate
003,"Baldwin County, Alabama",246435.0,120664.0,125771.0,204709.0,17251.0,1012.0,2363.0,111.0,,38198.00,32313.0,13.11
015,"Calhoun County, Alabama",115788.0,56554.0,59234.0,80477.0,25960.0,260.0,1372.0,122.0,,28701.00,20450.0,17.66
043,"Cullman County, Alabama",90665.0,45051.0,45614.0,82050.0,1127.0,184.0,264.0,47.0,,32189.00,16019.0,17.67
049,"DeKalb County, Alabama",71998.0,36024.0,35974.0,57615.0,885.0,2726.0,132.0,1877.0,,24633.00,13967.0,19.40
051,"Elmore County, Alabama",89563.0,43448.0,46115.0,64770.0,18477.0,196.0,423.0,0.0,,33833.00,9133.0,10.20
055,"Etowah County, Alabama",103088.0,50443.0,52645.0,79894.0,13521.0,1600.0,927.0,0.0,,28468.00,17774.0,17.24
069,"Houston County, Alabama",108079.0,51728.0,56351.0,70658.0,28787.0,450.0,1136.0,0.0,,33381.00,18773.0,17.37
073,"Jefferson County, Alabama",665409.0,316006.0,349403.0,325685.0,285070.0,1859.0,12783.0,23.0,,39478.00,106039.0,15.94
077,"Lauderdale County, Alabama",95878.0,45733.0,50145.0,80673.0,9141.0,247.0,506.0,0.0,,32969.00,10642.0,11.10
081,"Lee County, Alabama",180773.0,89415.0,91358.0,121889.0,39839.0,184.0,7469.0,96.0,,33233.00,26217.0,14.50
083,"Limestone County, Alabama",110900.0,56166.0,54734.0,84085.0,15139.0,670.0,1923.0,195.0,,39748.00,10200.0,9.20
089,"Madison County, Alabama",403565.0,199367.0,204198.0,255122.0,96417.0,2390.0,9760.0,287.0,,45934.00,44774.0,11.09
095,"Marshall County, Alabama",99423.0,49035.0,50388.0,77289.0,1192.0,1689.0,527.0,247.0,,27972.00,16625.0,16.72
097,"Mobile County, Alabama",411411.0,197023.0,214388.0,229044.0,146912.0,1228.0,8827.0,252.0,,31448.00,77232.0,18.77
101,"Montgomery County, Alabama",226361.0,107059.0,119302.0,69448.0,136285.0,393.0,7717.0,70.0,,31483.00,37581.0,16.60
103,"Morgan County, Alabama",124211.0,61086.0,63125.0,93093.0,16173.0,874.0,791.0,0.0,,32307.00,15221.0,12.25
115,"St. Clair County, Alabama",93932.0,46470.0,47462.0,78485.0,10230.0,253.0,242.0,189.0,,32005.00,12040.0,12.82
117,"Shelby County, Alabama",230115.0,111938.0,118177.0,178014.0,32134.0,118.0,5203.0,94.0,,45451.00,14066.0,6.11
121,"Talladega County, Alabama",80704.0,37822.0,42882.0,50367.0,24595.0,57.0,362.0,0.0,,32920.00,13948.0,17.28
125,"Tuscaloosa County, Alabama",236780.0,112317.0,124463.0,143552.0,74201.0,824.0,3985.0,0.0,,33291.00,36862.0,15.57
020,"Anchorage Municipality, Alaska",287145.0,145797.0,141348.0,165167.0,15453.0,22335.0,29175.0,9019.0,,48696.00,31222.0,10.87
090,"Fairbanks North Star Borough, Alaska",95356.0,52872.0,42484.0,65499.0,3036.0,4453.0,2119.0,2568.0,,39893.00,6528.0,6.85
170,"Matanuska-Susitna Borough, Alaska",113325.0,59378.0,53947.0,87056.0,986.0,6426.0,2036.0,415.0,,37573.00,11501.0,10.15
001,"Apache County, Arizona",65432.0,32379.0,33053.0,12705.0,320.0,48041.0,368.0,13.0,,20725.00,18087.0,27.64
003,"Cochise County, Arizona",125663.0,64013.0,61650.0,74388.0,4719.0,728.0,2691.0,217.0,,31277.00,21421.0,17.05
005,"Coconino County, Arizona",144060.0,70586.0,73474.0,80283.0,2639.0,34467.0,2498.0,885.0,,33276.00,22639.0,15.71
013,"Maricopa County, Arizona",4551524.0,2268514.0,2283010.0,2622765.0,263843.0,90226.0,209345.0,9828.0,1460671.0,42976.00,483305.0,10.62
015,"Mohave County, Arizona",220816.0,112493.0,108323.0,173663.0,2944.0,4769.0,2582.0,327.0,,38208.00,36518.0,16.54
017,"Navajo County, Arizona",108650.0,54153.0,54497.0,49801.0,1785.0,45016.0,325.0,424.0,,24581.00,29857.0,27.48
019,"Pima County, Arizona",1057597.0,524150.0,533447.0,601445.0,36470.0,33121.0,33618.0,1416.0,406955.0,37595.00,148963.0,14.09
021,"Pinal County, Arizona",464154.0,240400.0,223754.0,280113.0,21893.0,25515.0,8522.0,1262.0,,35517.00,49295.0,10.62
025,"Yavapai County, Arizona",246191.0,121122.0,125069.0,199885.0,1566.0,4006.0,2669.0,24.0,,39332.00,34467.0,14.00
027,"Yuma County, Arizona",207842.0,106122.0,101720.0,75778.0,3794.0,2093.0,2317.0,109.0,,27331.00,26544.0,12.77
007,"Benton County, Arkansas",302863.0,151676.0,151187.0,182778.0,6325.0,7272.0,14123.0,2097.0,,43074.00,21740.0,7.18
031,"Craighead County, Arkansas",113017.0,54169.0,58848.0,82679.0,16616.0,259.0,1782.0,163.0,,34301.00,19650.0,17.39
045,"Faulkner County, Arkansas",127665.0,61992.0,65673.0,102235.0,13562.0,45.0,1506.0,91.0,,30488.00,19633.0,15.38
051,"Garland County, Arkansas",100089.0,49170.0,50919.0,82431.0,7616.0,324.0,679.0,0.0,,32877.00,17625.0,17.61
069,"Jefferson County, Arkansas",64246.0,31983.0,32263.0,24442.0,36907.0,0.0,143.0,120.0,,22835.00,11833.0,18.42
085,"Lonoke County, Arkansas",75225.0,38287.0,36938.0,63146.0,3668.0,103.0,804.0,0.0,,28500.00,9257.0,12.31
119,"Pulaski County, Arkansas",399145.0,190255.0,208890.0,202247.0,146275.0,1465.0,9147.0,112.0,,38414.00,68846.0,17.25
125,"Saline County, Arkansas",127357.0,61563.0,65794.0,101581.0,10802.0,263.0,1649.0,0.0,,34106.00,13451.0,10.56
131,"Sebastian County, Arkansas",129059.0,64053.0,65006.0,86945.0,5741.0,1182.0,5187.0,1059.0,,30395.00,22390.0,17.35
143,"Washington County, Arkansas",256054.0,127322.0,128732.0,160466.0,8987.0,3944.0,6008.0,7102.0,,33756.00,36490.0,14.25
145,"White County, Arkansas",77755.0,37469.0,40286.0,66500.0,3319.0,38.0,681.0,0.0,,25172.00,12189.0,15.68
001,"Alameda County, California",1628997.0,810070.0,818927.0,491721.0,159004.0,15768.0,545038.0,10261.0,361988.0,63088.00,161706.0,9.93
007,"Butte County, California",207303.0,103480.0,103823.0,145871.0,3539.0,2893.0,11882.0,900.0,,37248.00,38102.0,18.38
013,"Contra Costa County, California",1156966.0,569707.0,587259.0,472779.0,100358.0,8043.0,223114.0,5970.0,311808.0,59816.00,99761.0,8.62
017,"El Dorado County, California",192646.0,96589.0,96057.0,149628.0,1155.0,956.0,11504.0,190.0,,57717.00,13897.0,7.21
019,"Fresno County, California",1015190.0,510861.0,504329.0,332288.0,46264.0,17291.0,110524.0,1635.0,,31410.00,186491.0,18.37
023,"Humboldt County, California",135010.0,67044.0,67966.0,97894.0,1781.0,5675.0,3604.0,222.0,,35883.00,24333.0,18.02
025,"Imperial County, California",178713.0,91304.0,87409.0,31944.0,4145.0,2481.0,2881.0,54.0,,23564.00,38933.0,21.79
029,"Kern County, California",916108.0,468373.0,447735.0,402044.0,47574.0,14878.0,50010.0,2814.0,519906.0,28566.00,159429.0,17.40
031,"Kings County, California",152981.0,83519.0,69462.0,56039.0,9412.0,4246.0,5877.0,303.0,,26321.00,26210.0,17.13
033,"Lake County, California",68191.0,34380.0,33811.0,46872.0,1333.0,1187.0,850.0,229.0,,30484.00,11175.0,16.39
037,"Los Angeles County, California",9721138.0,4825592.0,4895546.0,2857095.0,739392.0,135624.0,1453709.0,24450.0,4766616.0,43171.00,1327645.0,13.66
039,"Madera County, California",160256.0,79198.0,81058.0,57165.0,3952.0,4053.0,4248.0,894.0,,30660.00,37382.0,23.33
041,"Marin County, California",256018.0,124273.0,131745.0,176130.0,6512.0,1743.0,17732.0,286.0,,87667.00,19279.0,7.53
045,"Mendocino County, California",89783.0,44738.0,45045.0,58834.0,101.0,3623.0,1646.0,0.0,,39330.00,16897.0,18.82
047,"Merced County, California",290014.0,147970.0,142044.0,91224.0,8209.0,4812.0,20463.0,978.0,,27846.00,55442.0,19.12
053,"Monterey County, California",432858.0,220203.0,212655.0,139376.0,7893.0,3121.0,24350.0,1999.0,,37009.00,49826.0,11.51
055,"Napa County, California",134300.0,68028.0,66272.0,71514.0,2500.0,2416.0,11558.0,520.0,,53996.00,11603.0,8.64
057,"Nevada County, California",102293.0,51791.0,50502.0,86636.0,394.0,313.0,2534.0,17.0,,50066.00,11100.0,10.85
059,"Orange County, California",3151184.0,1564705.0,1586479.0,1332294.0,48980.0,27456.0,711229.0,10737.0,1072163.0,51343.00,306743.0,9.73
061,"Placer County, California",417772.0,205189.0,212583.0,287061.0,8044.0,2469.0,36630.0,242.0,,55906.00,25850.0,6.19
065,"Riverside County, California",2473902.0,1243465.0,1230437.0,900330.0,158360.0,35524.0,177843.0,9014.0,1287208.0,35468.00,262151.0,10.60
067,"Sacramento County, California",1584169.0,781977.0,802192.0,693068.0,149587.0,19172.0,280270.0,18313.0,387775.0,40777.00,189609.0,11.97
069,"San Benito County, California",67579.0,33905.0,33674.0,21419.0,680.0,3231.0,2430.0,126.0,,42554.00,2430.0,3.60
071,"San Bernardino County, California",2193656.0,1101675.0,1091981.0,682003.0,169101.0,31791.0,185972.0,8064.0,1233601.0,31521.00,289277.0,13.19
073,"San Diego County, California",3276208.0,1660621.0,1615587.0,1557995.0,148911.0,34135.0,405408.0,16076.0,1146839.0,48258.00,336145.0,10.26
075,"San Francisco County, California",808437.0,414691.0,393746.0,315764.0,37361.0,8086.0,289678.0,4071.0,128162.0,89736.00,82817.0,10.24
077,"San Joaquin County, California",793229.0,397943.0,395286.0,250032.0,59834.0,13382.0,148324.0,3703.0,,35476.00,94436.0,11.91
079,"San Luis Obispo County, California",282013.0,141682.0,140331.0,195388.0,3148.0,3587.0,11697.0,711.0,,52583.00,32721.0,11.60
081,"San Mateo County, California",729181.0,364282.0,364899.0,277989.0,15916.0,8007.0,231998.0,9670.0,173296.0,80121.00,52195.0,7.16
083,"Santa Barbara County, California",443837.0,223288.0,220549.0,219981.0,9039.0,9107.0,23419.0,463.0,210617.0,44769.00,60837.0,13.71
085,"Santa Clara County, California",1870945.0,956477.0,914468.0,554544.0,42665.0,17128.0,757436.0,7186.0,462494.0,75876.00,136542.0,7.30
087,"Santa Cruz County, California",264370.0,132268.0,132102.0,153407.0,2070.0,3962.0,13636.0,506.0,,51757.00,32759.0,12.39
089,"Shasta County, California",180930.0,89164.0,91766.0,142425.0,534.0,1839.0,3985.0,1158.0,,35289.00,24412.0,13.49
095,"Solano County, California",448747.0,224469.0,224278.0,176374.0,58896.0,3555.0,71191.0,5234.0,130597.0,42252.00,44216.0,9.85
097,"Sonoma County, California",482650.0,237518.0,245132.0,296506.0,7944.0,5971.0,21683.0,1104.0,,53520.00,42045.0,8.71
099,"Stanislaus County, California",551275.0,275330.0,275945.0,228788.0,13419.0,8183.0,34018.0,4543.0,,32158.00,82615.0,14.99
101,"Sutter County, California",98503.0,50253.0,48250.0,44003.0,3011.0,2244.0,17445.0,465.0,,32811.00,15538.0,15.77
103,"Tehama County, California",65245.0,32586.0,32659.0,43426.0,99.0,2236.0,300.0,0.0,,29694.00,9344.0,14.32
107,"Tulare County, California",477544.0,239821.0,237723.0,175037.0,7780.0,7290.0,15882.0,90.0,,26484.00,85966.0,18.00
111,"Ventura County, California",832605.0,414249.0,418356.0,430062.0,15079.0,14569.0,60320.0,2060.0,370200.0,48150.00,76843.0,9.23
113,"Yolo County, California",222115.0,108344.0,113771.0,105975.0,6382.0,1566.0,36283.0,498.0,,40574.00,37313.0,16.80
115,"Yuba County, California",84310.0,42289.0,42021.0,45469.0,3370.0,1441.0,7647.0,196.0,,32464.00,12256.0,14.54
001,"Adams County, Colorado",527575.0,269198.0,258377.0,286721.0,20208.0,13497.0,23032.0,198.0,,39854.00,53446.0,10.13
005,"Arapahoe County, Colorado",655808.0,328669.0,327139.0,392030.0,71076.0,9005.0,38356.0,1414.0,137632.0,51190.00,51678.0,7.88
013,"Boulder County, Colorado",327468.0,164742.0,162726.0,256163.0,2441.0,737.0,12589.0,39.0,,58202.00,38849.0,11.86
014,"Broomfield County, Colorado",76121.0,38462.0,37659.0,57467.0,1129.0,332.0,5929.0,0.0,,58850.00,5585.0,7.34
031,"Denver County, Colorado",713252.0,360565.0,352687.0,426365.0,63700.0,7752.0,27365.0,553.0,205311.0,59271.00,82743.0,11.60
035,"Douglas County, Colorado",375988.0,189745.0,186243.0,302901.0,5077.0,1344.0,21802.0,203.0,37689.0,65814.00,11640.0,3.10
041,"El Paso County, Colorado",740567.0,379024.0,361543.0,520563.0,43188.0,9954.0,21528.0,2152.0,140178.0,42212.00,59578.0,8.04
059,"Jefferson County, Colorado",576143.0,290571.0,285572.0,455303.0,8091.0,4880.0,17076.0,233.0,92158.0,56586.00,36220.0,6.29
069,"Larimer County, Colorado",366778.0,183500.0,183278.0,302614.0,3370.0,2431.0,8186.0,711.0,,46644.00,41334.0,11.27
077,"Mesa County, Colorado",158636.0,78240.0,80396.0,127802.0,1462.0,664.0,875.0,164.0,,37244.00,15978.0,10.07
101,"Pueblo County, Colorado",169544.0,84397.0,85147.0,115964.0,4131.0,3981.0,1452.0,134.0,,31329.00,24389.0,14.39
123,"Weld County, Colorado",350176.0,178434.0,171742.0,250089.0,5042.0,2663.0,5578.0,256.0,,41164.00,30807.0,8.80
110,"Capitol Planning Region, Connecticut",981447.0,479288.0,502159.0,622316.0,126647.0,2054.0,59380.0,516.0,180773.0,47721.00,96850.0,9.87
120,"Greater Bridgeport Planning Region, Connecticut",327286.0,160542.0,166744.0,192292.0,39239.0,935.0,16946.0,0.0,70465.0,47169.00,42701.0,13.05
130,"Lower Connecticut River Valley Planning Region, Connecticut",176622.0,87375.0,89247.0,141905.0,8463.0,748.0,6461.0,0.0,,57009.00,12261.0,6.94
140,"Naugatuck Valley Planning Region, Connecticut",454083.0,223366.0,230717.0,283977.0,47413.0,366.0,17918.0,0.0,93088.0,41862.00,41864.0,9.22
150,"Northeastern Connecticut Planning Region, Connecticut",96196.0,48205.0,47991.0,80667.0,1417.0,640.0,1018.0,48.0,,40519.00,8078.0,8.40
160,"Northwest Hills Planning Region, Connecticut",113234.0,54727.0,58507.0,88935.0,5806.0,550.0,3001.0,0.0,,48735.00,8860.0,7.82
170,"South Central Connecticut Planning Region, Connecticut",573244.0,276846.0,296398.0,355226.0,79316.0,1357.0,25394.0,120.0,112252.0,47042.00,59322.0,10.35
180,"Southeastern Connecticut Planning Region, Connecticut",280403.0,139565.0,140838.0,214205.0,14882.0,1440.0,10919.0,0.0,,44207.00,29881.0,10.66
190,"Western Connecticut Planning Region, Connecticut",623690.0,306775.0,316915.0,378332.0,57046.0,2179.0,34032.0,530.0,130623.0,75223.00,45878.0,7.36
001,"Kent County, Delaware",186946.0,90564.0,96382.0,107944.0,49947.0,464.0,4588.0,86.0,,33936.00,17094.0,9.14
003,"New Castle County, Delaware",575494.0,279996.0,295498.0,312528.0,147721.0,1663.0,34188.0,0.0,,43824.00,53722.0,9.33
005,"Sussex County, Delaware",255956.0,124097.0,131859.0,189906.0,27093.0,1543.0,2725.0,0.0,,46064.00,22469.0,8.78
001,"District of Columbia, District of Columbia",671803.0,319763.0,352040.0,257963.0,282578.0,3130.0,27961.0,836.0,78911.0,71699.00,85676.0,12.75
001,"Alachua County, Florida",284030.0,138383.0,145647.0,177962.0,52843.0,525.0,15781.0,0.0,,35871.00,51815.0,18.24
005,"Bay County, Florida",185134.0,91603.0,93531.0,139422.0,18433.0,379.0,3975.0,488.0,,41126.00,19711.0,10.65
009,"Brevard County, Florida",630693.0,311507.0,319186.0,465865.0,60433.0,2548.0,15296.0,572.0,76068.0,41934.00,60456.0,9.59
011,"Broward County, Florida",1947026.0,957148.0,989878.0,726846.0,543672.0,4816.0,71344.0,1107.0,633567.0,39729.00,256237.0,13.16
015,"Charlotte County, Florida",202661.0,99772.0,102889.0,167355.0,9527.0,166.0,2668.0,68.0,,37419.00,17033.0,8.40
017,"Citrus County, Florida",162529.0,81278.0,81251.0,141319.0,3799.0,891.0,1757.0,280.0,,33790.00,29597.0,18.21
019,"Clay County, Florida",226589.0,112326.0,114263.0,160497.0,24288.0,518.0,5036.0,93.0,,37924.00,19823.0,8.75
021,"Collier County, Florida",397994.0,197084.0,200910.0,253591.0,24571.0,9827.0,5162.0,0.0,115292.0,58167.00,41322.0,10.38
023,"Columbia County, Florida",71908.0,37754.0,34154.0,52129.0,10531.0,1149.0,645.0,0.0,,27941.00,13852.0,19.26
031,"Duval County, Florida",1016536.0,493860.0,522676.0,527881.0,290186.0,2139.0,51041.0,445.0,119768.0,38099.00,137025.0,13.48
033,"Escambia County, Florida",324878.0,160241.0,164637.0,206635.0,67720.0,1337.0,8716.0,232.0,,33702.00,49909.0,15.36
035,"Flagler County, Florida",126705.0,61758.0,64947.0,96299.0,9344.0,0.0,2868.0,71.0,,42218.00,11531.0,9.10
053,"Hernando County, Florida",206896.0,100924.0,105972.0,157582.0,11274.0,313.0,3136.0,431.0,,31763.00,23921.0,11.56
055,"Highlands County, Florida",105618.0,50648.0,54970.0,72172.0,10527.0,375.0,1266.0,0.0,,31850.00,15080.0,14.28
057,"Hillsborough County, Florida",1513301.0,746809.0,766492.0,752812.0,249210.0,9844.0,67933.0,1312.0,462194.0,41272.00,190472.0,12.59
061,"Indian River County, Florida",167352.0,81811.0,85541.0,127153.0,13892.0,755.0,3071.0,0.0,,46664.00,20195.0,12.07
069,"Lake County, Florida",410139.0,199285.0,210854.0,273809.0,39994.0,1657.0,9480.0,0.0,,36280.00,37297.0,9.09
071,"Lee County, Florida",822453.0,405001.0,417452.0,551445.0,62921.0,6037.0,14499.0,357.0,200024.0,42261.00,90108.0,10.96
073,"Leon County, Florida",297369.0,141373.0,155996.0,165415.0,91339.0,587.0,10230.0,27.0,,38665.00,53400.0,17.96
081,"Manatee County, Florida",429125.0,208440.0,220685.0,313839.0,34410.0,2810.0,9783.0,62.0,74158.0,42438.00,41708.0,9.72
083,"Marion County, Florida",396415.0,191520.0,204895.0,268925.0,47734.0,376.0,6396.0,251.0,,30717.00,62026.0,15.65
085,"Martin County, Florida",162006.0,80792.0,81214.0,127370.0,6623.0,364.0,1919.0,0.0,,51407.00,15529.0,9.59
086,"Miami-Dade County, Florida",2673837.0,1314494.0,1359343.0,717549.0,396620.0,9069.0,42820.0,692.0,1848083.0,38062.00,379727.0,14.20
087,"Monroe County, Florida",81708.0,42917.0,38791.0,54149.0,5523.0,0.0,635.0,0.0,,52557.00,12531.0,15.34
089,"Nassau County, Florida",97899.0,47395.0,50504.0,83899.0,5999.0,159.0,1043.0,61.0,,50825.00,5083.0,5.19
091,"Okaloosa County, Florida",216482.0,111209.0,105273.0,156400.0,20927.0,657.0,6717.0,522.0,,39909.00,13792.0,6.37
095,"Orange County, Florida",1452726.0,716703.0,736023.0,603352.0,290499.0,5743.0,80953.0,1406.0,484612.0,41019.00,176824.0,12.17
097,"Osceola County, Florida",422545.0,210840.0,211705.0,143459.0,50597.0,3938.0,10738.0,762.0,239907.0,30463.00,56827.0,13.45
099,"Palm Beach County, Florida",1518477.0,741601.0,776876.0,813766.0,279150.0,4300.0,43146.0,1190.0,367068.0,50180.00,164260.0,10.82
101,"Pasco County, Florida",608794.0,299676.0,309118.0,435604.0,41220.0,1529.0,18052.0,259.0,114856.0,37021.00,64538.0,10.60
103,"Pinellas County, Florida",961739.0,464718.0,497021.0,709779.0,91043.0,2401.0,34054.0,497.0,104475.0,46954.00,117045.0,12.17
105,"Polk County, Florida",787404.0,389252.0,398152.0,433529.0,115074.0,2400.0,13442.0,126.0,227842.0,29443.00,122208.0,15.52
107,"Putnam County, Florida",74731.0,36786.0,37945.0,53489.0,11333.0,12.0,368.0,0.0,,26630.00,17022.0,22.78
109,"St. Johns County, Florida",306841.0,150664.0,156177.0,243401.0,17874.0,341.0,10213.0,0.0,,53994.00,17121.0,5.58
111,"St. Lucie County, Florida",358704.0,176727.0,181977.0,208269.0,75216.0,1870.0,7566.0,195.0,78633.0,32145.00,48600.0,13.55
113,"Santa Rosa County, Florida",198268.0,102329.0,95939.0,157967.0,12095.0,267.0,4984.0,0.0,,40922.00,17840.0,9.00
115,"Sarasota County, Florida",462286.0,221151.0,241135.0,381529.0,17714.0,316.0,8494.0,102.0,47621.0,53818.00,37701.0,8.16
117,"Seminole County, Florida",478772.0,233800.0,244972.0,284811.0,55285.0,1158.0,27601.0,31.0,114005.0,44616.00,54397.0,11.36
119,"Sumter County, Florida",144970.0,70686.0,74284.0,122706.0,10516.0,377.0,1503.0,0.0,,46897.00,13661.0,9.42
127,"Volusia County, Florida",579192.0,284115.0,295077.0,407982.0,58590.0,2418.0,11801.0,576.0,96672.0,36803.00,63902.0,11.03
131,"Walton County, Florida",83304.0,41864.0,41440.0,69310.0,2829.0,580.0,1318.0,0.0,,48030.00,9722.0,11.67
013,"Barrow County, Georgia",89299.0,43604.0,45695.0,61011.0,11849.0,327.0,3793.0,0.0,,30903.00,8445.0,9.46
015,"Bartow County, Georgia",112816.0,54917.0,57899.0,88608.0,13043.0,367.0,1555.0,0.0,,36140.00,10777.0,9.55
021,"Bibb County, Georgia",156197.0,73370.0,82827.0,54831.0,82921.0,70.0,2761.0,0.0,,29249.00,35258.0,22.57
031,"Bulloch County, Georgia",83059.0,40564.0,42495.0,52487.0,22554.0,1024.0,1325.0,0.0,,26336.00,20859.0,25.11
045,"Carroll County, Georgia",124592.0,61197.0,63395.0,87632.0,24261.0,3638.0,1059.0,0.0,,32021.00,15216.0,12.21
047,"Catoosa County, Georgia",68826.0,34236.0,34590.0,60450.0,1890.0,75.0,174.0,0.0,,33551.00,7447.0,10.82
051,"Chatham County, Georgia",301107.0,144407.0,156700.0,143311.0,116293.0,1328.0,8995.0,235.0,,36428.00,47169.0,15.67
057,"Cherokee County, Georgia",281278.0,139874.0,141404.0,214924.0,13831.0,3219.0,6947.0,221.0,,45955.00,13940.0,4.96
059,"Clarke County, Georgia",129875.0,61331.0,68544.0,73301.0,31977.0,1253.0,5744.0,0.0,,30119.00,35526.0,27.35
063,"Clayton County, Georgia",296564.0,138288.0,158276.0,26732.0,203558.0,1638.0,15022.0,158.0,,27049.00,40253.0,13.57
067,"Cobb County, Georgia",771952.0,376720.0,395232.0,381379.0,210155.0,7973.0,43587.0,384.0,106548.0,49525.00,59396.0,7.69
073,"Columbia County, Georgia",162419.0,78743.0,83676.0,107629.0,30043.0,234.0,8102.0,103.0,,41309.00,12473.0,7.68
077,"Coweta County, Georgia",152882.0,74986.0,77896.0,108107.0,24858.0,668.0,3099.0,0.0,,40693.00,9866.0,6.45
089,"DeKalb County, Georgia",762820.0,361602.0,401218.0,228709.0,399960.0,4319.0,46804.0,47.0,65832.0,45081.00,100579.0,13.19
095,"Dougherty County, Georgia",82966.0,38464.0,44502.0,18919.0,58283.0,261.0,492.0,0.0,,23546.00,23582.0,28.42
097,"Douglas County, Georgia",147316.0,71222.0,76094.0,47194.0,73784.0,309.0,2600.0,0.0,,35288.00,12725.0,8.64
103,"Effingham County, Georgia",69041.0,34092.0,34949.0,51504.0,10816.0,249.0,540.0,109.0,,37221.00,5602.0,8.11
113,"Fayette County, Georgia",122030.0,59375.0,62655.0,71962.0,31874.0,155.0,5820.0,138.0,,49550.00,7614.0,6.24
115,"Floyd County, Georgia",99443.0,49658.0,49785.0,70082.0,13419.0,1130.0,1641.0,295.0,,29543.00,13871.0,13.95
117,"Forsyth County, Georgia",267237.0,133152.0,134085.0,173725.0,12179.0,1269.0,49281.0,0.0,,52744.00,8248.0,3.09
121,"Fulton County, Georgia",1074634.0,523387.0,551247.0,410470.0,460923.0,1924.0,80901.0,581.0,79468.0,59689.00,133247.0,12.40
127,"Glynn County, Georgia",85079.0,39518.0,45561.0,54892.0,20372.0,148.0,953.0,104.0,,40498.00,10360.0,12.18
135,"Gwinnett County, Georgia",975353.0,478646.0,496707.0,330406.0,283052.0,3581.0,129970.0,664.0,217501.0,36779.00,87407.0,8.96
139,"Hall County, Georgia",212692.0,105347.0,107345.0,134337.0,14578.0,1246.0,4837.0,0.0,,35458.00,25813.0,12.14
151,"Henry County, Georgia",248364.0,118568.0,129796.0,82818.0,130955.0,605.0,8948.0,765.0,,35144.00,19043.0,7.67
153,"Houston County, Georgia",169631.0,82329.0,87302.0,90817.0,54518.0,114.0,4884.0,0.0,,34700.00,16326.0,9.62
157,"Jackson County, Georgia",83936.0,41273.0,42663.0,66362.0,4568.0,0.0,1517.0,0.0,,33214.00,3584.0,4.27
179,"Liberty County, Georgia",68030.0,35279.0,32751.0,28221.0,27697.0,467.0,1399.0,698.0,,29189.00,8110.0,11.92
185,"Lowndes County, Georgia",119739.0,58238.0,61501.0,62777.0,42444.0,0.0,2696.0,296.0,,28245.00,16093.0,13.44
215,"Muscogee County, Georgia",202616.0,97592.0,105024.0,78029.0,94439.0,504.0,5256.0,0.0,,31393.00,35003.0,17.28
217,"Newton County, Georgia",117621.0,56102.0,61519.0,47782.0,56515.0,0.0,1820.0,0.0,,30472.00,14307.0,12.16
223,"Paulding County, Georgia",178421.0,88451.0,89970.0,113748.0,39430.0,210.0,1423.0,964.0,,33962.00,15100.0,8.46
245,"Richmond County, Georgia",206640.0,100230.0,106410.0,68127.0,113867.0,1367.0,3596.0,309.0,,29881.00,33448.0,16.19
247,"Rockdale County, Georgia",94984.0,44452.0,50532.0,24201.0,57558.0,0.0,335.0,0.0,,32128.00,6519.0,6.86
255,"Spalding County, Georgia",68919.0,33214.0,35705.0,38695.0,24948.0,14.0,479.0,0.0,,29282.00,14584.0,21.16
285,"Troup County, Georgia",70191.0,33837.0,36354.0,39938.0,24867.0,0.0,1867.0,0.0,,33615.00,13844.0,19.72
295,"Walker County, Georgia",68915.0,34263.0,34652.0,60667.0,3083.0,256.0,452.0,0.0,,28634.00,10244.0,14.86
297,"Walton County, Georgia",103065.0,50921.0,52144.0,71992.0,19857.0,634.0,1055.0,0.0,,38665.00,12944.0,12.56
313,"Whitfield County, Georgia",103132.0,51669.0,51463.0,62568.0,3690.0,4874.0,233.0,0.0,,30887.00,13195.0,12.79
001,"Hawaii County, Hawaii",206315.0,102519.0,103796.0,62783.0,1807.0,732.0,36194.0,26459.0,,37684.00,30833.0,14.94
003,"Honolulu County, Hawaii",995638.0,503323.0,492315.0,184765.0,22194.0,2235.0,407657.0,94864.0,102947.0,43609.00,93402.0,9.38
007,"Kauai County, Hawaii",73810.0,37484.0,36326.0,21625.0,575.0,276.0,20538.0,6816.0,,41268.00,4817.0,6.53
009,"Maui County, Hawaii",164365.0,81915.0,82450.0,49939.0,1434.0,857.0,42348.0,15305.0,,44225.00,13326.0,8.11
001,"Ada County, Idaho",518907.0,262625.0,256282.0,431985.0,5944.0,3772.0,14165.0,1139.0,,46537.00,41225.0,7.94
005,"Bannock County, Idaho",89517.0,43939.0,45578.0,74977.0,794.0,2386.0,1976.0,539.0,,30589.00,11035.0,12.33
019,"Bonneville County, Idaho",129496.0,65041.0,64455.0,108383.0,804.0,786.0,1205.0,0.0,,31515.00,15976.0,12.34
027,"Canyon County, Idaho",251065.0,125654.0,125411.0,181856.0,1812.0,4367.0,1626.0,464.0,,29556.00,26451.0,10.54
055,"Kootenai County, Idaho",183578.0,91492.0,92086.0,159590.0,376.0,1506.0,1338.0,0.0,,39213.00,19696.0,10.73
083,"Twin Falls County, Idaho",93696.0,45303.0,48393.0,77454.0,182.0,306.0,1766.0,0.0,,31331.00,9332.0,9.96
019,"Champaign County, Illinois",206542.0,101117.0,105425.0,134858.0,27100.0,998.0,22648.0,288.0,,37279.00,38557.0,18.67
031,"Cook County, Illinois",5109292.0,2496346.0,2612946.0,2227288.0,1132145.0,52194.0,412038.0,2798.0,1345752.0,45578.00,682858.0,13.37
037,"DeKalb County, Illinois",100232.0,49430.0,50802.0,73993.0,8739.0,1104.0,2204.0,0.0,,33740.00,13499.0,13.47
043,"DuPage County, Illinois",920901.0,456409.0,464492.0,597013.0,44996.0,3286.0,118871.0,275.0,141313.0,56418.00,61047.0,6.63
089,"Kane County, Illinois",514182.0,258142.0,256040.0,294704.0,23494.0,6560.0,21833.0,2385.0,,44897.00,39462.0,7.67
091,"Kankakee County, Illinois",106074.0,52804.0,53270.0,77838.0,15105.0,484.0,1124.0,0.0,,36320.00,14102.0,13.29
093,"Kendall County, Illinois",137254.0,67853.0,69401.0,91083.0,12499.0,843.0,4247.0,0.0,,39592.00,12572.0,9.16
097,"Lake County, Illinois",709150.0,358544.0,350606.0,432684.0,46536.0,8534.0,61231.0,761.0,166774.0,52998.00,55201.0,7.78
099,"LaSalle County, Illinois",108078.0,54676.0,53402.0,92443.0,2582.0,120.0,1009.0,0.0,,35717.00,16146.0,14.94
111,"McHenry County, Illinois",311747.0,156659.0,155088.0,251078.0,3742.0,722.0,9494.0,53.0,,45693.00,17153.0,5.50
113,"McLean County, Illinois",171141.0,83389.0,87752.0,134386.0,13151.0,878.0,8045.0,28.0,,40521.00,18402.0,10.75
115,"Macon County, Illinois",101483.0,49352.0,52131.0,75946.0,16589.0,0.0,1464.0,0.0,,33163.00,13800.0,13.60
119,"Madison County, Illinois",263864.0,128996.0,134868.0,219448.0,17891.0,845.0,2384.0,0.0,,38886.00,31545.0,11.96
143,"Peoria County, Illinois",178383.0,88147.0,90236.0,118928.0,30730.0,527.0,8048.0,0.0,,39678.00,22329.0,12.52
161,"Rock Island County, Illinois",141527.0,70852.0,70675.0,101808.0,14407.0,342.0,3454.0,0.0,,34268.00,20795.0,14.69
163,"St. Clair County, Illinois",252671.0,122269.0,130402.0,151794.0,69581.0,637.0,4059.0,0.0,,35624.00,39118.0,15.48
167,"Sangamon County, Illinois",194534.0,94448.0,100086.0,153515.0,21811.0,492.0,4718.0,0.0,,41645.00,21096.0,10.84
179,"Tazewell County, Illinois",129911.0,64851.0,65060.0,121068.0,1318.0,284.0,1644.0,0.0,,39418.00,10825.0,8.33
183,"Vermilion County, Illinois",72337.0,36179.0,36158.0,56170.0,10719.0,182.0,756.0,0.0,,30249.00,11640.0,16.09
197,"Will County, Illinois",696757.0,348498.0,348259.0,433552.0,82585.0,3017.0,45535.0,301.0,135571.0,43314.00,47823.0,6.86
199,"Williamson County, Illinois",66695.0,33506.0,33189.0,59344.0,2653.0,134.0,1263.0,0.0,,38729.00,7378.0,11.06
201,"Winnebago County, Illinois",282188.0,139952.0,142236.0,187672.0,32767.0,882.0,7472.0,319.0,,34162.00,43533.0,15.43
003,"Allen County, Indiana",391449.0,192770.0,198679.0,279119.0,42953.0,1496.0,19623.0,591.0,,35589.00,42872.0,10.95
005,"Bartholomew County, Indiana",83540.0,41119.0,42421.0,67610.0,1293.0,126.0,5750.0,0.0,,38776.00,13160.0,15.75
011,"Boone County, Indiana",74164.0,36548.0,37616.0,64930.0,1981.0,0.0,2841.0,0.0,,61671.00,2932.0,3.95
019,"Clark County, Indiana",124237.0,61038.0,63199.0,101712.0,8230.0,1386.0,1814.0,0.0,,36916.00,10903.0,8.78
035,"Delaware County, Indiana",112031.0,54029.0,58002.0,96311.0,4979.0,252.0,1948.0,0.0,,29977.00,19540.0,17.44
039,"Elkhart County, Indiana",206890.0,101344.0,105546.0,157372.0,9623.0,1553.0,2124.0,0.0,,31956.00,30381.0,14.68
043,"Floyd County, Indiana",80714.0,39700.0,41014.0,69893.0,3172.0,195.0,881.0,0.0,,44575.00,7623.0,9.44
053,"Grant County, Indiana",66022.0,32639.0,33383.0,55409.0,2577.0,310.0,569.0,0.0,,28767.00,12208.0,18.49
057,"Hamilton County, Indiana",364921.0,179900.0,185021.0,291210.0,18489.0,440.0,26128.0,118.0,,57168.00,16846.0,4.62
059,"Hancock County, Indiana",83070.0,41050.0,42020.0,73430.0,2350.0,127.0,576.0,0.0,,44497.00,3341.0,4.02
063,"Hendricks County, Indiana",182534.0,91382.0,91152.0,142099.0,18326.0,0.0,6713.0,0.0,,42176.00,9140.0,5.01
067,"Howard County, Indiana",83574.0,41061.0,42513.0,71547.0,5941.0,0.0,764.0,71.0,,31167.00,13703.0,16.40
081,"Johnson County, Indiana",165782.0,81411.0,84371.0,140647.0,5029.0,403.0,8217.0,77.0,,39931.00,11254.0,6.79
085,"Kosciusko County, Indiana",80826.0,40621.0,40205.0,70448.0,259.0,114.0,469.0,0.0,,34904.00,10030.0,12.41
089,"Lake County, Indiana",499689.0,243500.0,256189.0,273431.0,116735.0,3107.0,7595.0,0.0,,33841.00,70810.0,14.17
091,"LaPorte County, Indiana",111675.0,57656.0,54019.0,88364.0,12922.0,484.0,287.0,0.0,,34999.00,16729.0,14.98
095,"Madison County, Indiana",131744.0,67307.0,64437.0,111044.0,7926.0,290.0,826.0,0.0,,32899.00,18899.0,14.35
097,"Marion County, Indiana",969466.0,470156.0,499310.0,515563.0,269881.0,5922.0,42266.0,263.0,112594.0,35929.00,146876.0,15.15
105,"Monroe County, Indiana",139745.0,69955.0,69790.0,116062.0,5568.0,421.0,7858.0,0.0,,37831.00,24473.0,17.51
109,"Morgan County, Indiana",72236.0,36001.0,36235.0,68436.0,756.0,16.0,405.0,0.0,,37359.00,5839.0,8.08
127,"Porter County, Indiana",174791.0,86952.0,87839.0,145318.0,8001.0,270.0,2301.0,0.0,,40203.00,15541.0,8.89
141,"St. Joseph County, Indiana",272234.0,132879.0,139355.0,195101.0,34800.0,1105.0,6307.0,206.0,,33069.00,33148.0,12.18
157,"Tippecanoe County, Indiana",188717.0,97132.0,91585.0,142264.0,12381.0,838.0,13407.0,18.0,,29944.00,34014.0,18.02
163,"Vanderburgh County, Indiana",179744.0,88013.0,91731.0,146807.0,15983.0,175.0,2104.0,535.0,,34084.00,27116.0,15.09
167,"Vigo County, Indiana",106006.0,52886.0,53120.0,91109.0,7421.0,411.0,2491.0,0.0,,28195.00,17956.0,16.94
173,"Warrick County, Indiana",65185.0,31763.0,33422.0,59568.0,1244.0,293.0,2048.0,0.0,,44889.00,4994.0,7.66
177,"Wayne County, Indiana",66273.0,32279.0,33994.0,57638.0,1382.0,98.0,386.0,0.0,,28174.00,11930.0,18.00
013,"Black Hawk County, Iowa",130274.0,64043.0,66231.0,104098.0,10105.0,771.0,3062.0,4450.0,,33608.00,21988.0,16.88
049,"Dallas County, Iowa",108016.0,53619.0,54397.0,92125.0,3135.0,852.0,5164.0,0.0,,53720.00,5910.0,5.47
061,"Dubuque County, Iowa",98677.0,49699.0,48978.0,88130.0,4468.0,50.0,1358.0,0.0,,40152.00,10404.0,10.54
103,"Johnson County, Iowa",156420.0,79218.0,77202.0,121145.0,10735.0,208.0,9867.0,232.0,,40603.00,23875.0,15.26
113,"Linn County, Iowa",229033.0,113722.0,115311.0,192838.0,13624.0,613.0,5618.0,0.0,,40683.00,19669.0,8.59
153,"Polk County, Iowa",501089.0,249912.0,251177.0,380550.0,37954.0,853.0,23566.0,0.0,,44137.00,50087.0,10.00
155,"Pottawattamie County, Iowa",93173.0,47101.0,46072.0,80406.0,1097.0,93.0,854.0,660.0,,35801.00,10727.0,11.51
163,"Scott County, Iowa",173924.0,85221.0,88703.0,139003.0,13256.0,635.0,4863.0,264.0,,37898.00,19375.0,11.14
169,"Story County, Iowa",99673.0,51950.0,47723.0,82770.0,2940.0,430.0,6911.0,95.0,,37598.00,15755.0,15.81
193,"Woodbury County, Iowa",105671.0,53844.0,51827.0,74552.0,6429.0,2584.0,3164.0,105.0,,34822.00,12994.0,12.30
015,"Butler County, Kansas",68240.0,34983.0,33257.0,60664.0,1778.0,613.0,1308.0,0.0,,34110.00,3544.0,5.19
045,"Douglas County, Kansas",119964.0,60363.0,59601.0,94948.0,4543.0,1115.0,5080.0,22.0,,37887.00,18330.0,15.28
091,"Johnson County, Kansas",619195.0,306631.0,312564.0,491067.0,29640.0,1622.0,33134.0,287.0,52575.0,55305.00,33092.0,5.34
103,"Leavenworth County, Kansas",82892.0,45010.0,37882.0,66004.0,6105.0,420.0,1039.0,45.0,,36525.00,8335.0,10.06
161,"Riley County, Kansas",71108.0,37238.0,33870.0,53983.0,4243.0,352.0,3120.0,5.0,,35162.00,13851.0,19.48
173,"Sedgwick County, Kansas",525525.0,261286.0,264239.0,365269.0,39421.0,5528.0,21711.0,455.0,,35372.00,82771.0,15.75
177,"Shawnee County, Kansas",177480.0,86957.0,90523.0,131637.0,12005.0,1305.0,2532.0,997.0,,34619.00,24226.0,13.65
209,"Wyandotte County, Kansas",165746.0,83120.0,82626.0,69830.0,31566.0,4506.0,9118.0,1316.0,,28520.00,24019.0,14.49
015,"Boone County, Kentucky",139093.0,68715.0,70378.0,118264.0,4165.0,28.0,2985.0,112.0,,41419.00,10050.0,7.23
029,"Bullitt County, Kentucky",83836.0,41899.0,41937.0,76921.0,1112.0,36.0,106.0,0.0,,36475.00,8102.0,9.66
037,"Campbell County, Kentucky",93300.0,46466.0,46834.0,84427.0,3098.0,2.0,909.0,0.0,,44971.00,7797.0,8.36
047,"Christian County, Kentucky",73037.0,37481.0,35556.0,48970.0,15124.0,68.0,329.0,111.0,,28949.00,11805.0,16.16
059,"Daviess County, Kentucky",103222.0,50671.0,52551.0,88903.0,4468.0,167.0,2267.0,101.0,,34211.00,12264.0,11.88
067,"Fayette County, Kentucky",320347.0,157451.0,162896.0,223526.0,45625.0,321.0,13953.0,86.0,,41855.00,45248.0,14.12
093,"Hardin County, Kentucky",111862.0,55684.0,56178.0,85439.0,10489.0,356.0,2280.0,466.0,,35277.00,13533.0,12.10
111,"Jefferson County, Kentucky",773399.0,376659.0,396740.0,497268.0,170324.0,697.0,22036.0,307.0,,40872.00,112114.0,14.50
117,"Kenton County, Kentucky",170313.0,85619.0,84694.0,148807.0,5354.0,1300.0,2645.0,0.0,,41729.00,17568.0,10.32
145,"McCracken County, Kentucky",67490.0,33273.0,34217.0,55292.0,7059.0,59.0,330.0,0.0,,40123.00,9125.0,13.52
151,"Madison County, Kentucky",95187.0,47236.0,47951.0,85037.0,2787.0,44.0,887.0,102.0,,32176.00,13723.0,14.42
185,"Oldham County, Kentucky",69431.0,36581.0,32850.0,60843.0,2215.0,6.0,1167.0,0.0,,50336.00,1819.0,2.62
199,"Pulaski County, Kentucky",65795.0,32124.0,33671.0,61673.0,336.0,302.0,74.0,0.0,,26808.00,11697.0,17.78
227,"Warren County, Kentucky",139843.0,69302.0,70541.0,107489.0,12422.0,97.0,6052.0,954.0,,33566.00,26221.0,18.75
005,"Ascension Parish, Louisiana",130458.0,64540.0,65918.0,86017.0,30005.0,199.0,1214.0,0.0,,38609.00,12764.0,9.78
015,"Bossier Parish, Louisiana",129276.0,64202.0,65074.0,85173.0,31157.0,273.0,2372.0,0.0,,33932.00,15907.0,12.30
017,"Caddo Parish, Louisiana",229025.0,107906.0,121119.0,100357.0,113251.0,583.0,3080.0,208.0,,30583.00,50010.0,21.84
019,"Calcasieu Parish, Louisiana",202418.0,100241.0,102177.0,131886.0,50081.0,590.0,2853.0,597.0,,33668.00,32737.0,16.17
033,"East Baton Rouge Parish, Louisiana",450544.0,215202.0,235342.0,192992.0,206918.0,754.0,15193.0,0.0,,34878.00,80058.0,17.77
045,"Iberia Parish, Louisiana",68327.0,32799.0,35528.0,39085.0,22301.0,222.0,1875.0,0.0,,26622.00,15408.0,22.55
051,"Jefferson Parish, Louisiana",425884.0,206748.0,219136.0,220308.0,114410.0,1947.0,18623.0,478.0,,36581.00,59660.0,14.01
055,"Lafayette Parish, Louisiana",247866.0,121122.0,126744.0,158707.0,59842.0,563.0,4695.0,60.0,,34445.00,43171.0,17.42
057,"Lafourche Parish, Louisiana",95870.0,48740.0,47130.0,73169.0,13359.0,2256.0,815.0,8.0,,32873.00,16642.0,17.36
063,"Livingston Parish, Louisiana",148425.0,72920.0,75505.0,124605.0,10846.0,1377.0,1148.0,2.0,,33977.00,21813.0,14.70
071,"Orleans Parish, Louisiana",369749.0,174337.0,195412.0,116997.0,204983.0,529.0,10513.0,9.0,21909.0,37635.00,79455.0,21.49
073,"Ouachita Parish, Louisiana",157702.0,76457.0,81245.0,89480.0,57626.0,38.0,2044.0,59.0,,28551.00,36747.0,23.30
079,"Rapides Parish, Louisiana",127189.0,61641.0,65548.0,78123.0,40095.0,231.0,1565.0,10.0,,31074.00,22932.0,18.03
097,"St. Landry Parish, Louisiana",81773.0,39500.0,42273.0,43470.0,33863.0,123.0,62.0,0.0,,24140.00,24088.0,29.46
103,"St. Tammany Parish, Louisiana",273263.0,134763.0,138500.0,201223.0,35602.0,2699.0,4047.0,0.0,,40366.00,28793.0,10.54
105,"Tangipahoa Parish, Louisiana",137048.0,66058.0,70990.0,84002.0,36882.0,236.0,733.0,0.0,,27003.00,25850.0,18.86
109,"Terrebonne Parish, Louisiana",104786.0,51172.0,53614.0,67849.0,20441.0,4827.0,1000.0,20.0,,30422.00,14792.0,14.12
001,"Androscoggin County, Maine",113023.0,56184.0,56839.0,99055.0,3914.0,356.0,1466.0,0.0,,32913.00,13798.0,12.21
003,"Aroostook County, Maine",67255.0,33668.0,33587.0,62512.0,422.0,665.0,408.0,0.0,,31025.00,10226.0,15.20
005,"Cumberland County, Maine",307451.0,150420.0,157031.0,270707.0,9941.0,455.0,6153.0,68.0,,55069.00,18422.0,5.99
011,"Kennebec County, Maine",125540.0,61200.0,64340.0,115451.0,945.0,157.0,1178.0,0.0,,37185.00,15522.0,12.36
019,"Penobscot County, Maine",153704.0,76463.0,77241.0,141592.0,1725.0,1870.0,2118.0,111.0,,35785.00,22358.0,14.55
031,"York County, Maine",216732.0,106125.0,110607.0,198098.0,2496.0,448.0,3178.0,0.0,,43180.00,17770.0,8.20
001,"Allegany County, Maryland",67267.0,35491.0,31776.0,58254.0,3827.0,88.0,551.0,0.0,,29371.00,11585.0,17.22
003,"Anne Arundel County, Maryland",593286.0,294454.0,298832.0,379833.0,108584.0,1451.0,26179.0,454.0,55856.0,55817.00,36384.0,6.13
005,"Baltimore County, Maryland",846161.0,402501.0,443660.0,447453.0,259259.0,2429.0,50217.0,359.0,55641.0,46614.00,93881.0,11.09
009,"Calvert County, Maryland",94573.0,47737.0,46836.0,71728.0,9120.0,354.0,767.0,168.0,,50134.00,3251.0,3.44
013,"Carroll County, Maryland",175305.0,87880.0,87425.0,148758.0,7082.0,622.0,3532.0,0.0,,49647.00,9225.0,5.26
015,"Cecil County, Maryland",104942.0,52162.0,52780.0,84358.0,7894.0,260.0,1119.0,0.0,,41355.00,9720.0,9.26
017,"Charles County, Maryland",170102.0,82338.0,87764.0,56630.0,85375.0,1770.0,4903.0,0.0,,47292.00,14362.0,8.44
021,"Frederick County, Maryland",287079.0,142093.0,144986.0,193459.0,29444.0,2364.0,16691.0,263.0,34194.0,53033.00,14517.0,5.06
025,"Harford County, Maryland",263867.0,131080.0,132787.0,192658.0,37216.0,539.0,8353.0,361.0,,46313.00,19563.0,7.41
027,"Howard County, Maryland",335411.0,166139.0,169272.0,157862.0,67264.0,595.0,65137.0,253.0,,62728.00,17714.0,5.28
031,"Montgomery County, Maryland",1052521.0,513200.0,539321.0,444783.0,194776.0,5561.0,161770.0,260.0,213926.0,62317.00,82410.0,7.83
033,"Prince George's County, Maryland",946971.0,457304.0,489667.0,116956.0,565686.0,7266.0,38365.0,328.0,198317.0,42603.00,100631.0,10.63
037,"St. Mary's County, Maryland",114877.0,57171.0,57706.0,82120.0,18081.0,0.0,2985.0,0.0,,54340.00,9144.0,7.96
043,"Washington County, Maryland",155590.0,78522.0,77068.0,116888.0,18477.0,523.0,2574.0,0.0,,34008.00,17212.0,11.06
045,"Wicomico County, Maryland",104664.0,48811.0,55853.0,63168.0,28153.0,206.0,2668.0,0.0,,38472.00,10766.0,10.29
510,"Baltimore city, Maryland",569931.0,265199.0,304732.0,154147.0,344445.0,1658.0,16100.0,642.0,36124.0,36760.00,102322.0,17.95
001,"Barnstable County, Massachusetts",232457.0,112066.0,120391.0,199848.0,5609.0,951.0,2986.0,0.0,,60367.00,15801.0,6.80
003,"Berkshire County, Massachusetts",127859.0,63024.0,64835.0,111666.0,3867.0,252.0,1819.0,0.0,,48913.00,14579.0,11.40
005,"Bristol County, Massachusetts",580068.0,283450.0,296618.0,446952.0,33097.0,1678.0,14482.0,297.0,55950.0,42776.00,65011.0,11.21
009,"Essex County, Massachusetts",806765.0,392783.0,413982.0,538808.0,34689.0,2135.0,31075.0,254.0,192454.0,51246.00,77078.0,9.55
011,"Franklin County, Massachusetts",70894.0,35046.0,35848.0,63661.0,1063.0,5.0,1332.0,0.0,,37663.00,10677.0,15.06
013,"Hampden County, Massachusetts",461041.0,225045.0,235996.0,287621.0,43523.0,1500.0,11103.0,54.0,,34290.00,76806.0,16.66
015,"Hampshire County, Massachusetts",162588.0,77789.0,84799.0,134433.0,3617.0,102.0,8920.0,0.0,,41595.00,16402.0,10.09
017,"Middlesex County, Massachusetts",1617105.0,799408.0,817697.0,1090343.0,80076.0,2603.0,219641.0,245.0,142215.0,64775.00,127797.0,7.90
021,"Norfolk County, Massachusetts",725531.0,351809.0,373722.0,505989.0,51602.0,774.0,89042.0,70.0,41278.0,66166.00,46042.0,6.35
023,"Plymouth County, Massachusetts",533069.0,261300.0,271769.0,408840.0,47101.0,1137.0,9013.0,286.0,,54163.00,39306.0,7.37
025,"Suffolk County, Massachusetts",766381.0,370947.0,395434.0,348440.0,142780.0,5542.0,67904.0,70.0,183535.0,55328.00,118711.0,15.49
027,"Worcester County, Massachusetts",862927.0,429381.0,433546.0,637541.0,46040.0,2873.0,46093.0,549.0,112856.0,44812.00,89192.0,10.34
005,"Allegan County, Michigan",121210.0,61232.0,59978.0,106562.0,1063.0,375.0,712.0,118.0,,37769.00,11964.0,9.87
017,"Bay County, Michigan",102821.0,51913.0,50908.0,92081.0,1548.0,549.0,473.0,61.0,,33245.00,15667.0,15.24
021,"Berrien County, Michigan",152900.0,74785.0,78115.0,111737.0,20535.0,1189.0,3169.0,0.0,,35726.00,22475.0,14.70
025,"Calhoun County, Michigan",133289.0,65022.0,68267.0,102445.0,14655.0,503.0,4268.0,31.0,,32667.00,17196.0,12.90
037,"Clinton County, Michigan",79748.0,38957.0,40791.0,70405.0,1581.0,195.0,1076.0,0.0,,41773.00,9090.0,11.40
045,"Eaton County, Michigan",108992.0,53115.0,55877.0,88949.0,7234.0,613.0,2786.0,59.0,,35835.00,9548.0,8.76
049,"Genesee County, Michigan",401983.0,194241.0,207742.0,291048.0,78558.0,1077.0,4633.0,139.0,,33908.00,64988.0,16.17
055,"Grand Traverse County, Michigan",96464.0,47243.0,49221.0,87212.0,599.0,1209.0,735.0,16.0,,45443.00,10867.0,11.27
065,"Ingham County, Michigan",284108.0,138369.0,145739.0,194507.0,30705.0,612.0,16559.0,0.0,,34789.00,43585.0,15.34
067,"Ionia County, Michigan",66809.0,35545.0,31264.0,57969.0,2114.0,94.0,1543.0,38.0,,29142.00,7334.0,10.98
075,"Jackson County, Michigan",160066.0,82674.0,77392.0,132104.0,9741.0,1478.0,1463.0,61.0,,32498.00,19354.0,12.09
077,"Kalamazoo County, Michigan",261173.0,127993.0,133180.0,200383.0,27745.0,1056.0,6867.0,37.0,,40326.00,29903.0,11.45
081,"Kent County, Michigan",659083.0,327694.0,331389.0,483179.0,63953.0,4636.0,21105.0,280.0,74597.0,41106.00,68777.0,10.44
087,"Lapeer County, Michigan",88780.0,45949.0,42831.0,80463.0,570.0,61.0,335.0,0.0,,36555.00,9280.0,10.45
091,"Lenawee County, Michigan",98567.0,50312.0,48255.0,87736.0,2387.0,446.0,139.0,27.0,,32616.00,11327.0,11.49
093,"Livingston County, Michigan",196161.0,99030.0,97131.0,182452.0,1470.0,724.0,1767.0,0.0,,48968.00,9008.0,4.59
099,"Macomb County, Michigan",874195.0,428237.0,445958.0,657263.0,109283.0,694.0,42935.0,222.0,,38186.00,83857.0,9.59
103,"Marquette County, Michigan",66661.0,33995.0,32666.0,60556.0,954.0,894.0,210.0,0.0,,33509.00,7041.0,10.56
111,"Midland County, Michigan",83674.0,41267.0,42407.0,75496.0,778.0,189.0,1921.0,0.0,,43501.00,6389.0,7.64
115,"Monroe County, Michigan",155609.0,78091.0,77518.0,139197.0,1655.0,184.0,243.0,60.0,,38593.00,14404.0,9.26
117,"Montcalm County, Michigan",67433.0,35547.0,31886.0,59426.0,1839.0,396.0,584.0,0.0,,28321.00,9247.0,13.71
121,"Muskegon County, Michigan",176565.0,88648.0,87917.0,136477.0,22299.0,890.0,1010.0,118.0,,29477.00,24407.0,13.82
125,"Oakland County, Michigan",1269431.0,628020.0,641411.0,884191.0,162205.0,1901.0,107043.0,544.0,61311.0,52953.00,102156.0,8.05
139,"Ottawa County, Michigan",300873.0,150296.0,150577.0,252144.0,5821.0,886.0,8583.0,0.0,,39048.00,24870.0,8.27
145,"Saginaw County, Michigan",188330.0,93001.0,95329.0,132719.0,35343.0,1070.0,2419.0,0.0,,32715.00,33598.0,17.84
147,"St. Clair County, Michigan",160151.0,80178.0,79973.0,145137.0,3976.0,643.0,740.0,0.0,,33971.00,21738.0,13.57
155,"Shiawassee County, Michigan",68022.0,34304.0,33718.0,63801.0,281.0,341.0,265.0,0.0,,32257.00,8559.0,12.58
159,"Van Buren County, Michigan",75692.0,37440.0,38252.0,61285.0,2339.0,251.0,437.0,0.0,,33259.00,11212.0,14.81
161,"Washtenaw County, Michigan",366376.0,182745.0,183631.0,254200.0,40579.0,783.0,33160.0,76.0,,48807.00,48330.0,13.19
163,"Wayne County, Michigan",1757043.0,852374.0,904669.0,865803.0,651074.0,5602.0,62308.0,158.0,116138.0,32492.00,369068.0,21.01
003,"Anoka County, Minnesota",368864.0,185400.0,183464.0,275991.0,30269.0,1373.0,22516.0,174.0,,41832.00,27609.0,7.48
013,"Blue Earth County, Minnesota",69631.0,35685.0,33946.0,59815.0,2818.0,360.0,2084.0,0.0,,36200.00,11670.0,16.76
019,"Carver County, Minnesota",110034.0,55326.0,54708.0,95453.0,1594.0,202.0,3470.0,85.0,,56492.00,5268.0,4.79
027,"Clay County, Minnesota",65929.0,33035.0,32894.0,56016.0,3093.0,399.0,309.0,0.0,,45529.00,6900.0,10.47
035,"Crow Wing County, Minnesota",67948.0,33940.0,34008.0,63574.0,435.0,316.0,279.0,7.0,,38616.00,7582.0,11.16
037,"Dakota County, Minnesota",443341.0,220192.0,223149.0,330431.0,36664.0,2240.0,22988.0,249.0,,48616.00,26433.0,5.96
053,"Hennepin County, Minnesota",1260121.0,627692.0,632429.0,844022.0,167424.0,8084.0,87024.0,211.0,90567.0,55615.00,131879.0,10.47
109,"Olmsted County, Minnesota",164020.0,80788.0,83232.0,127485.0,12375.0,427.0,10536.0,0.0,,49031.00,15580.0,9.50
123,"Ramsey County, Minnesota",536413.0,263643.0,272770.0,317608.0,65582.0,3737.0,82027.0,118.0,42057.0,42616.00,71902.0,13.40
131,"Rice County, Minnesota",67693.0,34696.0,32997.0,54129.0,4717.0,355.0,1178.0,122.0,,35582.00,7434.0,10.98
137,"St. Louis County, Minnesota",199532.0,100521.0,99011.0,179813.0,3431.0,3604.0,1578.0,0.0,,36619.00,28499.0,14.28
139,"Scott County, Minnesota",154520.0,76932.0,77588.0,118528.0,8663.0,1234.0,10687.0,36.0,,49020.00,6309.0,4.08
141,"Sherburne County, Minnesota",100824.0,52349.0,48475.0,86252.0,4333.0,151.0,995.0,0.0,,40744.00,6196.0,6.15
145,"Stearns County, Minnesota",160405.0,80820.0,79585.0,131867.0,15589.0,194.0,3109.0,16.0,,35784.00,17397.0,10.85
163,"Washington County, Minnesota",275912.0,136474.0,139438.0,215329.0,14369.0,1264.0,21388.0,66.0,,53412.00,17035.0,6.17
171,"Wright County, Minnesota",148003.0,75713.0,72290.0,130163.0,3326.0,707.0,2602.0,0.0,,44098.00,7466.0,5.04
033,"DeSoto County, Mississippi",191723.0,92531.0,99192.0,109148.0,63949.0,593.0,2441.0,0.0,,35407.00,19519.0,10.18
035,"Forrest County, Mississippi",78110.0,35997.0,42113.0,44393.0,26998.0,24.0,487.0,0.0,,26728.00,16094.0,20.60
047,"Harrison County, Mississippi",211044.0,102370.0,108674.0,132980.0,44095.0,1326.0,3808.0,50.0,,30467.00,40157.0,19.03
049,"Hinds County, Mississippi",217730.0,101656.0,116074.0,50925.0,154371.0,868.0,1655.0,56.0,,29748.00,45717.0,21.00
059,"Jackson County, Mississippi",144975.0,70951.0,74024.0,95729.0,31155.0,425.0,2346.0,93.0,,31506.00,22534.0,15.54
067,"Jones County, Mississippi",66569.0,32833.0,33736.0,42749.0,18998.0,372.0,304.0,0.0,,29041.00,9914.0,14.89
073,"Lamar County, Mississippi",65783.0,31692.0,34091.0,47231.0,14736.0,85.0,541.0,0.0,,34385.00,11856.0,18.02
075,"Lauderdale County, Mississippi",70904.0,33206.0,37698.0,35962.0,29797.0,611.0,659.0,0.0,,29321.00,16711.0,23.57
081,"Lee County, Mississippi",82959.0,39350.0,43609.0,52205.0,25006.0,0.0,657.0,0.0,,28599.00,9865.0,11.89
089,"Madison County, Mississippi",111113.0,53711.0,57402.0,60652.0,42128.0,279.0,3039.0,142.0,,44923.00,10626.0,9.56
121,"Rankin County, Mississippi",158979.0,76065.0,82914.0,113688.0,34235.0,34.0,2011.0,0.0,,33915.00,14660.0,9.22
019,"Boone County, Missouri",187690.0,90491.0,97199.0,144768.0,17007.0,182.0,10269.0,410.0,,36758.00,31181.0,16.61
021,"Buchanan County, Missouri",82911.0,41313.0,41598.0,65872.0,5660.0,335.0,950.0,0.0,,33290.00,15168.0,18.29
031,"Cape Girardeau County, Missouri",82899.0,40416.0,42483.0,69542.0,6732.0,16.0,754.0,89.0,,33227.00,12291.0,14.83
037,"Cass County, Missouri",110394.0,54335.0,56059.0,91419.0,5314.0,153.0,752.0,110.0,,37645.00,9652.0,8.74
043,"Christian County, Missouri",93114.0,45866.0,47248.0,84262.0,606.0,323.0,938.0,160.0,,32309.00,7086.0,7.61
047,"Clay County, Missouri",257033.0,126920.0,130113.0,203399.0,17802.0,1065.0,6778.0,1106.0,,40186.00,19332.0,7.52
051,"Cole County, Missouri",76969.0,38817.0,38152.0,60456.0,6162.0,67.0,1186.0,6.0,,35365.00,6252.0,8.12
071,"Franklin County, Missouri",105879.0,52780.0,53099.0,89424.0,610.0,55.0,738.0,47.0,,33961.00,8280.0,7.82
077,"Greene County, Missouri",303293.0,149236.0,154057.0,260261.0,9197.0,782.0,5339.0,717.0,,32565.00,45061.0,14.86
095,"Jackson County, Missouri",716531.0,348541.0,367990.0,446909.0,156121.0,2186.0,14083.0,687.0,72214.0,37247.00,105987.0,14.79
097,"Jasper County, Missouri",124075.0,59534.0,64541.0,103097.0,2614.0,813.0,1899.0,405.0,,26739.00,23266.0,18.75
099,"Jefferson County, Missouri",229336.0,114699.0,114637.0,210790.0,1354.0,462.0,2476.0,53.0,,38378.00,19847.0,8.65
165,"Platte County, Missouri",110534.0,54932.0,55602.0,85909.0,9833.0,40.0,3171.0,212.0,,45951.00,12161.0,11.00
183,"St. Charles County, Missouri",413803.0,204000.0,209803.0,346352.0,19077.0,1027.0,11457.0,159.0,,47294.00,19835.0,4.79
187,"St. Francois County, Missouri",66969.0,35436.0,31533.0,60985.0,1805.0,379.0,437.0,0.0,,22904.00,12451.0,18.59
189,"St. Louis County, Missouri",990414.0,474702.0,515712.0,621860.0,233480.0,641.0,49277.0,126.0,32380.0,48699.00,100946.0,10.19
510,"St. Louis city, Missouri",286578.0,139941.0,146637.0,132945.0,120785.0,341.0,11021.0,137.0,,38945.00,56122.0,19.58
013,"Cascade County, Montana",84864.0,42671.0,42193.0,71061.0,1285.0,2287.0,445.0,0.0,,36021.00,12275.0,14.46
029,"Flathead County, Montana",111814.0,56327.0,55487.0,102046.0,242.0,964.0,1000.0,0.0,,36260.00,12859.0,11.50
031,"Gallatin County, Montana",124857.0,65517.0,59340.0,112158.0,114.0,681.0,1455.0,24.0,,47134.00,12897.0,10.33
049,"Lewis and Clark County, Montana",73832.0,36872.0,36960.0,67564.0,70.0,746.0,655.0,0.0,,40856.00,6351.0,8.60
063,"Missoula County, Montana",121041.0,60625.0,60416.0,106819.0,149.0,2284.0,1667.0,470.0,,42127.00,9386.0,7.75
111,"Yellowstone County, Montana",169852.0,84169.0,85683.0,143828.0,1111.0,6600.0,1041.0,810.0,,39209.00,14155.0,8.33
055,"Douglas County, Nebraska",586327.0,291828.0,294499.0,405032.0,61021.0,4056.0,25088.0,524.0,,43079.00,69792.0,11.90
109,"Lancaster County, Nebraska",324756.0,163838.0,160918.0,266701.0,12325.0,2856.0,14553.0,0.0,,38872.00,40217.0,12.38
153,"Sarpy County, Nebraska",196553.0,99789.0,96764.0,157318.0,8023.0,1192.0,5326.0,113.0,,45782.00,11560.0,5.88
003,"Clark County, Nevada",2322985.0,1164576.0,1158409.0,990484.0,281099.0,29494.0,256740.0,17469.0,758163.0,36915.00,301074.0,12.96
031,"Washoe County, Nevada",496745.0,253412.0,243333.0,312337.0,11410.0,7285.0,26607.0,3429.0,,45168.00,49893.0,10.04
005,"Cheshire County, New Hampshire",77350.0,38486.0,38864.0,71558.0,583.0,47.0,892.0,0.0,,41619.00,5781.0,7.47
009,"Grafton County, New Hampshire",91126.0,45250.0,45876.0,81194.0,465.0,144.0,3263.0,65.0,,50544.00,9311.0,10.22
011,"Hillsborough County, New Hampshire",426594.0,214914.0,211680.0,344208.0,10706.0,840.0,17786.0,62.0,,50252.00,25980.0,6.09
013,"Merrimack County, New Hampshire",156020.0,77802.0,78218.0,141909.0,1713.0,60.0,2475.0,543.0,,46488.00,10189.0,6.53
015,"Rockingham County, New Hampshire",319424.0,158660.0,160764.0,289262.0,2555.0,131.0,6657.0,71.0,,58513.00,16491.0,5.16
017,"Strafford County, New Hampshire",132275.0,65088.0,67187.0,116605.0,1445.0,51.0,4046.0,0.0,,44436.00,10886.0,8.23
001,"Atlantic County, New Jersey",275638.0,136915.0,138723.0,154234.0,36849.0,1519.0,22105.0,0.0,,40034.00,29894.0,10.85
003,"Bergen County, New Jersey",952997.0,467647.0,485350.0,518539.0,54685.0,2500.0,157076.0,287.0,216150.0,58150.00,67195.0,7.05
005,"Burlington County, New Jersey",466103.0,230343.0,235760.0,300169.0,75933.0,294.0,28187.0,221.0,44629.0,50960.00,29995.0,6.44
007,"Camden County, New Jersey",524907.0,254314.0,270593.0,287986.0,96570.0,2043.0,31027.0,569.0,99930.0,42651.00,66250.0,12.62
009,"Cape May County, New Jersey",95634.0,46465.0,49169.0,80167.0,3329.0,94.0,1186.0,0.0,,54906.00,8684.0,9.08
011,"Cumberland County, New Jersey",151356.0,76993.0,74363.0,72805.0,25204.0,1899.0,2657.0,0.0,,30214.00,22154.0,14.64
013,"Essex County, New Jersey",849477.0,413603.0,435874.0,258448.0,301756.0,2994.0,50549.0,0.0,208649.0,47158.00,130921.0,15.41
015,"Gloucester County, New Jersey",306601.0,150910.0,155691.0,230638.0,30080.0,682.0,9308.0,0.0,,44186.00,22771.0,7.43
017,"Hudson County, New Jersey",703366.0,351645.0,351721.0,219327.0,86352.0,7556.0,114588.0,128.0,298081.0,52911.00,99822.0,14.19
019,"Hunterdon County, New Jersey",129777.0,63998.0,65779.0,106134.0,3959.0,95.0,6007.0,0.0,,73936.00,4584.0,3.53
021,"Mercer County, New Jersey",380688.0,187066.0,193622.0,181200.0,69866.0,1481.0,49059.0,201.0,77601.0,50652.00,39485.0,10.37
023,"Middlesex County, New Jersey",861418.0,429006.0,432412.0,352035.0,95130.0,8951.0,222350.0,336.0,199632.0,47221.00,70062.0,8.13
025,"Monmouth County, New Jersey",644098.0,315619.0,328479.0,482458.0,36659.0,4255.0,35455.0,0.0,75107.0,63610.00,38634.0,6.00
027,"Morris County, New Jersey",511151.0,254000.0,257151.0,348590.0,17251.0,1030.0,57351.0,0.0,76016.0,68227.00,20727.0,4.05
029,"Ocean County, New Jersey",655735.0,319610.0,336125.0,545239.0,20590.0,2298.0,10204.0,117.0,66602.0,42474.00,75990.0,11.59
031,"Passaic County, New Jersey",513936.0,252045.0,261891.0,211716.0,51510.0,1498.0,29615.0,0.0,227839.0,37516.00,62135.0,12.09
033,"Salem County, New Jersey",65117.0,32747.0,32370.0,46861.0,8861.0,114.0,835.0,0.0,,41804.00,6718.0,10.32
035,"Somerset County, New Jersey",346875.0,171390.0,175485.0,182899.0,31037.0,2758.0,68347.0,0.0,56778.0,67395.00,16855.0,4.86
037,"Sussex County, New Jersey",146084.0,73264.0,72820.0,120286.0,3566.0,75.0,2439.0,0.0,,56363.00,8816.0,6.03
039,"Union County, New Jersey",569815.0,281970.0,287845.0,223784.0,114476.0,1303.0,32432.0,129.0,193934.0,52208.00,53743.0,9.43
041,"Warren County, New Jersey",110926.0,55154.0,55772.0,85072.0,5773.0,241.0,3314.0,0.0,,45188.00,6610.0,5.96
001,"Bernalillo County, New Mexico",672508.0,332239.0,340269.0,323154.0,20983.0,33079.0,20269.0,448.0,342362.0,38282.00,94226.0,14.01
013,"Doa Ana County, New Mexico",223337.0,109790.0,113547.0,89138.0,4388.0,2855.0,3020.0,891.0,,27675.00,53138.0,23.79
025,"Lea County, New Mexico",72452.0,37613.0,34839.0,28351.0,2137.0,508.0,1204.0,0.0,,27341.00,14278.0,19.71
031,"McKinley County, New Mexico",69830.0,34259.0,35571.0,7325.0,549.0,54227.0,1033.0,0.0,,19449.00,23135.0,33.13
035,"Otero County, New Mexico",68823.0,35074.0,33749.0,35206.0,2520.0,4762.0,1016.0,0.0,,29282.00,12861.0,18.69
043,"Sandoval County, New Mexico",153501.0,76041.0,77460.0,79726.0,3660.0,19532.0,2306.0,469.0,,41308.00,15385.0,10.02
045,"San Juan County, New Mexico",120418.0,59478.0,60940.0,47066.0,656.0,47867.0,808.0,0.0,,25155.00,28693.0,23.83
049,"Santa Fe County, New Mexico",155664.0,75853.0,79811.0,81518.0,1299.0,4483.0,2462.0,77.0,,48119.00,18057.0,11.60
061,"Valencia County, New Mexico",78080.0,39791.0,38289.0,38493.0,885.0,2923.0,819.0,56.0,,30724.00,16524.0,21.16
001,"Albany County, New York",315811.0,154592.0,161219.0,219273.0,40346.0,336.0,24836.0,184.0,,44992.00,44349.0,14.04
005,"Bronx County, New York",1379946.0,653279.0,726667.0,186187.0,451215.0,23415.0,55344.0,564.0,780818.0,25359.00,374766.0,27.16
007,"Broome County, New York",197117.0,96779.0,100338.0,158221.0,11843.0,573.0,10500.0,125.0,,33013.00,38628.0,19.60
009,"Cattaraugus County, New York",76439.0,38178.0,38261.0,66608.0,1618.0,2125.0,420.0,0.0,,29931.00,12517.0,16.38
011,"Cayuga County, New York",74998.0,38167.0,36831.0,66097.0,1185.0,304.0,592.0,0.0,,35385.00,9584.0,12.78
013,"Chautauqua County, New York",126027.0,62441.0,63586.0,109205.0,3471.0,435.0,986.0,0.0,,32135.00,22498.0,17.85
015,"Chemung County, New York",81426.0,40807.0,40619.0,68708.0,4166.0,242.0,1573.0,0.0,,33423.00,12348.0,15.16
019,"Clinton County, New York",78753.0,40222.0,38531.0,69773.0,2547.0,106.0,868.0,0.0,,35168.00,10145.0,12.88
027,"Dutchess County, New York",297545.0,148488.0,149057.0,206674.0,28428.0,1246.0,9827.0,273.0,43266.0,49498.00,25315.0,8.51
029,"Erie County, New York",950312.0,463775.0,486537.0,700076.0,122258.0,4605.0,46342.0,242.0,58274.0,40867.00,122301.0,12.87
045,"Jefferson County, New York",116637.0,62092.0,54545.0,96752.0,4870.0,168.0,2348.0,1132.0,,30940.00,15779.0,13.53
047,"Kings County, New York",2590516.0,1235007.0,1355509.0,972250.0,730331.0,16950.0,320900.0,1124.0,489451.0,45309.00,507449.0,19.59
053,"Madison County, New York",67097.0,33247.0,33850.0,61329.0,1418.0,53.0,587.0,0.0,,36719.00,6419.0,9.57
055,"Monroe County, New York",752035.0,365293.0,386742.0,520316.0,108071.0,1017.0,27718.0,90.0,74473.0,40465.00,101821.0,13.54
059,"Nassau County, New York",1383726.0,681928.0,701798.0,786767.0,160323.0,4015.0,173561.0,492.0,247646.0,60206.00,72016.0,5.20
061,"New York County, New York",1596273.0,763019.0,833254.0,757592.0,207248.0,9697.0,199664.0,550.0,418208.0,89008.00,267727.0,16.77
063,"Niagara County, New York",210880.0,104051.0,106829.0,174725.0,14772.0,1457.0,2698.0,0.0,,37679.00,31212.0,14.80
065,"Oneida County, New York",228846.0,114951.0,113895.0,184241.0,14196.0,700.0,10453.0,0.0,,35343.00,35341.0,15.44
067,"Onondaga County, New York",468249.0,227667.0,240582.0,349002.0,52880.0,2222.0,18621.0,0.0,,39810.00,61626.0,13.16
069,"Ontario County, New York",112707.0,55450.0,57257.0,99397.0,1875.0,16.0,1289.0,0.0,,41287.00,11037.0,9.79
071,"Orange County, New York",405941.0,202731.0,203210.0,244032.0,50899.0,2824.0,12124.0,0.0,96054.0,39507.00,61401.0,15.13
075,"Oswego County, New York",118287.0,60089.0,58198.0,109696.0,1135.0,484.0,371.0,115.0,,32866.00,21198.0,17.92
079,"Putnam County, New York",98045.0,49427.0,48618.0,73163.0,2925.0,121.0,2624.0,39.0,,54116.00,6262.0,6.39
081,"Queens County, New York",2278029.0,1114721.0,1163308.0,575078.0,386665.0,17116.0,597954.0,2390.0,642196.0,39029.00,293878.0,12.90
083,"Rensselaer County, New York",159853.0,79905.0,79948.0,126890.0,10814.0,391.0,5011.0,0.0,,46713.00,17539.0,10.97
085,"Richmond County, New York",491133.0,241330.0,249803.0,290752.0,47183.0,3790.0,65112.0,41.0,,41738.00,53562.0,10.91
087,"Rockland County, New York",339022.0,169864.0,169158.0,215211.0,36070.0,2027.0,21200.0,275.0,65914.0,44328.00,50345.0,14.85
089,"St. Lawrence County, New York",107733.0,54914.0,52819.0,99456.0,1466.0,576.0,1121.0,80.0,,28893.00,17912.0,16.63
091,"Saratoga County, New York",238797.0,118545.0,120252.0,209775.0,3976.0,1147.0,8050.0,73.0,,52187.00,14894.0,6.24
093,"Schenectady County, New York",160093.0,78002.0,82091.0,110635.0,17060.0,587.0,8631.0,172.0,,44050.00,17556.0,10.97
101,"Steuben County, New York",92599.0,46368.0,46231.0,84941.0,1392.0,12.0,1533.0,0.0,,34635.00,11493.0,12.41
103,"Suffolk County, New York",1525465.0,757801.0,767664.0,1008219.0,117473.0,10706.0,67503.0,732.0,326910.0,53317.00,97459.0,6.39
105,"Sullivan County, New York",79658.0,41770.0,37888.0,56832.0,6261.0,769.0,1869.0,0.0,,43471.00,12697.0,15.94
109,"Tompkins County, New York",104777.0,51827.0,52950.0,80612.0,4508.0,330.0,11494.0,0.0,,39901.00,15013.0,14.33
111,"Ulster County, New York",182319.0,91214.0,91105.0,138422.0,10235.0,685.0,4787.0,55.0,,45927.00,30751.0,16.87
113,"Warren County, New York",65599.0,32982.0,32617.0,59580.0,881.0,51.0,281.0,0.0,,40486.00,6249.0,9.53
117,"Wayne County, New York",91125.0,45772.0,45353.0,80882.0,2986.0,740.0,526.0,0.0,,35799.00,10736.0,11.78
119,"Westchester County, New York",990427.0,483295.0,507132.0,520834.0,138728.0,6833.0,62546.0,0.0,260909.0,68057.00,89583.0,9.04
001,"Alamance County, North Carolina",176353.0,84865.0,91488.0,106924.0,34714.0,397.0,3074.0,444.0,,32142.00,21524.0,12.21
019,"Brunswick County, North Carolina",153064.0,74586.0,78478.0,127117.0,12310.0,979.0,787.0,152.0,,45545.00,10473.0,6.84
021,"Buncombe County, North Carolina",273589.0,130049.0,143540.0,224773.0,14071.0,104.0,2919.0,399.0,,39206.00,33196.0,12.13
023,"Burke County, North Carolina",87881.0,44267.0,43614.0,72592.0,3392.0,1142.0,2554.0,0.0,,32731.00,9164.0,10.43
025,"Cabarrus County, North Carolina",235797.0,115345.0,120452.0,140056.0,44207.0,234.0,14018.0,219.0,,40760.00,17565.0,7.45
027,"Caldwell County, North Carolina",80492.0,39185.0,41307.0,69216.0,4526.0,165.0,64.0,0.0,,28980.00,14544.0,18.07
031,"Carteret County, North Carolina",69380.0,33061.0,36319.0,60123.0,2879.0,72.0,197.0,46.0,,41674.00,8895.0,12.82
035,"Catawba County, North Carolina",163462.0,82284.0,81178.0,122255.0,11363.0,743.0,5250.0,113.0,,38665.00,20222.0,12.37
037,"Chatham County, North Carolina",79864.0,38103.0,41761.0,57185.0,7472.0,192.0,1156.0,0.0,,53176.00,7473.0,9.36
045,"Cleveland County, North Carolina",100670.0,48414.0,52256.0,71560.0,17722.0,305.0,1501.0,0.0,,27346.00,16549.0,16.44
049,"Craven County, North Carolina",100874.0,50554.0,50320.0,66482.0,17582.0,656.0,2892.0,1077.0,,38594.00,13929.0,13.81
051,"Cumberland County, North Carolina",336699.0,166876.0,169823.0,140602.0,127947.0,4254.0,8478.0,1419.0,43804.0,31237.00,50988.0,15.14
057,"Davidson County, North Carolina",172586.0,84979.0,87607.0,133588.0,17522.0,385.0,2621.0,0.0,,31596.00,21007.0,12.17
063,"Durham County, North Carolina",332680.0,157180.0,175500.0,146750.0,108554.0,1769.0,19691.0,3.0,,46083.00,33622.0,10.11
067,"Forsyth County, North Carolina",389157.0,184815.0,204342.0,217820.0,100295.0,954.0,10362.0,640.0,,37241.00,56992.0,14.64
069,"Franklin County, North Carolina",74539.0,35176.0,39363.0,46804.0,17864.0,1102.0,487.0,0.0,,39229.00,6449.0,8.65
071,"Gaston County, North Carolina",234215.0,113844.0,120371.0,163591.0,40119.0,593.0,3476.0,854.0,,35792.00,25397.0,10.84
081,"Guilford County, North Carolina",546101.0,259362.0,286739.0,261553.0,187017.0,2433.0,27954.0,132.0,,36358.00,88631.0,16.23
085,"Harnett County, North Carolina",138832.0,68463.0,70369.0,89347.0,27744.0,1577.0,1367.0,1152.0,,30882.00,17961.0,12.94
089,"Henderson County, North Carolina",118106.0,56031.0,62075.0,99272.0,3886.0,905.0,1183.0,599.0,,38377.00,16186.0,13.70
097,"Iredell County, North Carolina",195897.0,96787.0,99110.0,146509.0,20589.0,1474.0,4423.0,0.0,,39645.00,18194.0,9.29
101,"Johnston County, North Carolina",234778.0,116010.0,118768.0,150420.0,40321.0,1486.0,1664.0,134.0,,36919.00,22209.0,9.46
105,"Lee County, North Carolina",65476.0,32297.0,33179.0,40518.0,12310.0,52.0,484.0,0.0,,30674.00,11784.0,18.00
109,"Lincoln County, North Carolina",93095.0,47487.0,45608.0,75946.0,5697.0,174.0,515.0,0.0,,40920.00,7276.0,7.82
119,"Mecklenburg County, North Carolina",1145392.0,554525.0,590867.0,515144.0,357554.0,6258.0,74370.0,483.0,165220.0,50588.00,115446.0,10.08
125,"Moore County, North Carolina",105531.0,51084.0,54447.0,83280.0,10305.0,455.0,1212.0,811.0,,43098.00,9347.0,8.86
127,"Nash County, North Carolina",95789.0,47614.0,48175.0,45398.0,37318.0,432.0,432.0,29.0,,31731.00,11627.0,12.14
129,"New Hanover County, North Carolina",234921.0,111483.0,123438.0,181995.0,26351.0,559.0,2929.0,0.0,,43738.00,26633.0,11.34
133,"Onslow County, North Carolina",207298.0,114926.0,92372.0,141266.0,24509.0,1649.0,3893.0,233.0,,31210.00,21322.0,10.29
135,"Orange County, North Carolina",150477.0,70314.0,80163.0,104818.0,16786.0,599.0,11883.0,62.0,,51555.00,19464.0,12.93
141,"Pender County, North Carolina",65737.0,32900.0,32837.0,49780.0,8354.0,451.0,424.0,0.0,,39750.00,5410.0,8.23
147,"Pitt County, North Carolina",173542.0,82048.0,91494.0,92695.0,61815.0,1567.0,2548.0,0.0,,33109.00,33897.0,19.53
151,"Randolph County, North Carolina",146043.0,72473.0,73570.0,114735.0,6977.0,757.0,1634.0,81.0,,28765.00,21845.0,14.96
155,"Robeson County, North Carolina",116663.0,56361.0,60302.0,28455.0,27134.0,46290.0,1157.0,155.0,,22425.00,29956.0,25.68
157,"Rockingham County, North Carolina",91957.0,45602.0,46355.0,66436.0,14420.0,1460.0,47.0,0.0,,29962.00,16379.0,17.81
159,"Rowan County, North Carolina",149645.0,74101.0,75544.0,105976.0,20790.0,302.0,1404.0,0.0,,33466.00,22694.0,15.17
171,"Surry County, North Carolina",71403.0,35468.0,35935.0,59130.0,2645.0,165.0,112.0,0.0,,28661.00,13635.0,19.10
179,"Union County, North Carolina",249070.0,124727.0,124343.0,170862.0,25766.0,1741.0,11551.0,451.0,,42563.00,16161.0,6.49
183,"Wake County, North Carolina",1175021.0,577073.0,597948.0,688529.0,224385.0,2450.0,100571.0,177.0,124402.0,50018.00,86226.0,7.34
191,"Wayne County, North Carolina",117286.0,58171.0,59115.0,59884.0,32216.0,255.0,1643.0,0.0,,28874.00,21608.0,18.42
193,"Wilkes County, North Carolina",65784.0,33935.0,31849.0,57197.0,1707.0,233.0,0.0,0.0,,24208.00,14611.0,22.21
195,"Wilson County, North Carolina",78449.0,37123.0,41326.0,34412.0,30454.0,159.0,642.0,0.0,,28373.00,16423.0,20.93
015,"Burleigh County, North Dakota",99280.0,49748.0,49532.0,86628.0,1942.0,1806.0,1099.0,2384.0,,42450.00,10549.0,10.63
017,"Cass County, North Dakota",192734.0,99746.0,92988.0,158947.0,12531.0,2253.0,5949.0,28.0,,41923.00,24289.0,12.60
035,"Grand Forks County, North Dakota",72413.0,37547.0,34866.0,60403.0,2183.0,1114.0,1828.0,0.0,,38521.00,9437.0,13.03
101,"Ward County, North Dakota",68870.0,35581.0,33289.0,56084.0,3398.0,971.0,1189.0,0.0,,41197.00,5863.0,8.51
003,"Allen County, Ohio",101115.0,51278.0,49837.0,82248.0,11414.0,124.0,141.0,0.0,,31516.00,11417.0,11.29
007,"Ashtabula County, Ohio",97014.0,49422.0,47592.0,86631.0,2404.0,122.0,119.0,165.0,,29115.00,16661.0,17.17
013,"Belmont County, Ohio",65509.0,33150.0,32359.0,59722.0,1753.0,24.0,387.0,42.0,,29680.00,11273.0,17.21
017,"Butler County, Ohio",388420.0,191220.0,197200.0,296089.0,37644.0,165.0,17236.0,660.0,,38331.00,44259.0,11.39
023,"Clark County, Ohio",134831.0,66303.0,68528.0,112248.0,10537.0,153.0,1168.0,489.0,,31913.00,19904.0,14.76
025,"Clermont County, Ohio",210805.0,104700.0,106105.0,192560.0,2969.0,229.0,1820.0,0.0,,40530.00,18338.0,8.70
029,"Columbiana County, Ohio",100511.0,50783.0,49728.0,93181.0,1636.0,33.0,199.0,56.0,,28994.00,15238.0,15.16
035,"Cuyahoga County, Ohio",1236041.0,593726.0,642315.0,717094.0,360143.0,2103.0,39953.0,194.0,84829.0,39980.00,198417.0,16.05
041,"Delaware County, Ohio",226296.0,113093.0,113203.0,179609.0,10706.0,238.0,16993.0,209.0,,59444.00,11404.0,5.04
043,"Erie County, Ohio",74501.0,36681.0,37820.0,61235.0,4458.0,170.0,417.0,0.0,,37408.00,7890.0,10.59
045,"Fairfield County, Ohio",162898.0,81597.0,81301.0,132623.0,15520.0,252.0,5009.0,0.0,,39231.00,13931.0,8.55
049,"Franklin County, Ohio",1321820.0,650654.0,671166.0,786964.0,290254.0,5345.0,75485.0,486.0,84587.0,41433.00,194696.0,14.73
055,"Geauga County, Ohio",95469.0,48072.0,47397.0,88643.0,631.0,135.0,501.0,0.0,,50823.00,6177.0,6.47
057,"Greene County, Ohio",168456.0,84604.0,83852.0,139742.0,11429.0,397.0,4926.0,0.0,,43637.00,14363.0,8.53
061,"Hamilton County, Ohio",825037.0,401298.0,423739.0,526208.0,204851.0,1304.0,23946.0,213.0,,42614.00,123850.0,15.01
063,"Hancock County, Ohio",74861.0,37169.0,37692.0,66143.0,1950.0,79.0,1052.0,0.0,,40509.00,4922.0,6.57
085,"Lake County, Ohio",231842.0,115072.0,116770.0,198151.0,9796.0,1038.0,3392.0,0.0,,41833.00,20593.0,8.88
089,"Licking County, Ohio",181359.0,90413.0,90946.0,152838.0,5219.0,178.0,6859.0,36.0,,40083.00,18219.0,10.05
093,"Lorain County, Ohio",316268.0,156670.0,159598.0,246156.0,22854.0,527.0,4681.0,0.0,,37496.00,39832.0,12.59
095,"Lucas County, Ohio",426643.0,207894.0,218749.0,287853.0,81560.0,336.0,8082.0,36.0,,35259.00,74231.0,17.40
099,"Mahoning County, Ohio",225636.0,110768.0,114868.0,168960.0,30959.0,1327.0,1672.0,0.0,,33073.00,42777.0,18.96
101,"Marion County, Ohio",64642.0,33911.0,30731.0,55657.0,2481.0,43.0,346.0,0.0,,26736.00,10685.0,16.53
103,"Medina County, Ohio",183512.0,91712.0,91800.0,167013.0,2099.0,125.0,2188.0,0.0,,44932.00,12236.0,6.67
109,"Miami County, Ohio",110247.0,55590.0,54657.0,100055.0,3276.0,89.0,1908.0,0.0,,38934.00,12009.0,10.89
113,"Montgomery County, Ohio",533892.0,258205.0,275687.0,368652.0,106762.0,250.0,12884.0,61.0,,36714.00,72785.0,13.63
119,"Muskingum County, Ohio",86113.0,42265.0,43848.0,77922.0,3797.0,0.0,494.0,0.0,,29767.00,10586.0,12.29
133,"Portage County, Ohio",161745.0,79841.0,81904.0,141389.0,7945.0,11.0,2839.0,57.0,,38198.00,19997.0,12.36
139,"Richland County, Ohio",125319.0,65074.0,60245.0,106891.0,6284.0,106.0,840.0,0.0,,28672.00,17898.0,14.28
141,"Ross County, Ohio",76606.0,40181.0,36425.0,66981.0,4342.0,368.0,414.0,11.0,,29961.00,8142.0,10.63
145,"Scioto County, Ohio",72194.0,36583.0,35611.0,,,,,,,28506.00,15563.0,21.56
151,"Stark County, Ohio",372657.0,182305.0,190352.0,316745.0,27645.0,354.0,3411.0,67.0,,34445.00,47655.0,12.79
153,"Summit County, Ohio",535882.0,261597.0,274285.0,400046.0,72604.0,892.0,23279.0,0.0,,39480.00,64877.0,12.11
155,"Trumbull County, Ohio",200643.0,100323.0,100320.0,171469.0,14628.0,626.0,959.0,58.0,,30499.00,32365.0,16.13
157,"Tuscarawas County, Ohio",91937.0,45753.0,46184.0,86394.0,521.0,40.0,226.0,9.0,,31702.00,10292.0,11.19
159,"Union County, Ohio",66898.0,32663.0,34235.0,57234.0,1813.0,68.0,3571.0,0.0,,44483.00,3000.0,4.48
165,"Warren County, Ohio",249778.0,127193.0,122585.0,207568.0,9176.0,388.0,17650.0,0.0,,50751.00,12865.0,5.15
169,"Wayne County, Ohio",116559.0,57790.0,58769.0,108052.0,910.0,26.0,1545.0,0.0,,31038.00,10992.0,9.43
173,"Wood County, Ohio",131592.0,66542.0,65050.0,114708.0,3095.0,190.0,3197.0,410.0,,38956.00,17091.0,12.99
017,"Canadian County, Oklahoma",169149.0,84042.0,85107.0,125308.0,6242.0,7811.0,4650.0,442.0,,35221.00,14936.0,8.83
027,"Cleveland County, Oklahoma",299587.0,150260.0,149327.0,210485.0,14033.0,11413.0,13683.0,1172.0,,35326.00,39412.0,13.16
031,"Comanche County, Oklahoma",123046.0,63882.0,59164.0,70931.0,17754.0,5465.0,3274.0,362.0,,29432.00,17210.0,13.99
037,"Creek County, Oklahoma",72699.0,35553.0,37146.0,55230.0,1086.0,8565.0,230.0,0.0,,29795.00,10430.0,14.35
101,"Muskogee County, Oklahoma",66354.0,31927.0,34427.0,36845.0,6200.0,10985.0,550.0,0.0,,24707.00,11710.0,17.65
109,"Oklahoma County, Oklahoma",802559.0,395098.0,407461.0,453560.0,106652.0,28304.0,28984.0,1377.0,152186.0,37500.00,126571.0,15.77
119,"Payne County, Oklahoma",82794.0,42435.0,40359.0,63112.0,2406.0,2549.0,3004.0,201.0,,27002.00,14749.0,17.81
125,"Pottawatomie County, Oklahoma",73533.0,35220.0,38313.0,52407.0,2333.0,8079.0,493.0,124.0,,26178.00,14071.0,19.14
131,"Rogers County, Oklahoma",98836.0,49724.0,49112.0,69938.0,1211.0,12245.0,1870.0,68.0,,35818.00,10353.0,10.47
143,"Tulsa County, Oklahoma",677358.0,332862.0,344496.0,414532.0,68024.0,32964.0,25293.0,1184.0,96132.0,36581.00,103916.0,15.34
145,"Wagoner County, Oklahoma",86644.0,43233.0,43411.0,60055.0,2858.0,8080.0,2000.0,62.0,,35071.00,7505.0,8.66
003,"Benton County, Oregon",97630.0,49373.0,48257.0,79548.0,495.0,1338.0,6465.0,146.0,,39237.00,18891.0,19.35
005,"Clackamas County, Oregon",423177.0,210881.0,212296.0,335766.0,5362.0,2915.0,21942.0,1309.0,,50987.00,34451.0,8.14
017,"Deschutes County, Oregon",206549.0,102618.0,103931.0,183012.0,685.0,1105.0,3870.0,14.0,,50340.00,21268.0,10.30
019,"Douglas County, Oregon",112297.0,56515.0,55782.0,96155.0,91.0,1047.0,1392.0,19.0,,33799.00,19642.0,17.49
029,"Jackson County, Oregon",221644.0,108857.0,112787.0,176511.0,1661.0,1556.0,3696.0,141.0,,37759.00,26278.0,11.86
033,"Josephine County, Oregon",87730.0,43040.0,44690.0,75123.0,446.0,812.0,1044.0,183.0,,33306.00,16458.0,18.76
035,"Klamath County, Oregon",70212.0,35761.0,34451.0,54239.0,502.0,1386.0,557.0,306.0,,33211.00,9969.0,14.20
039,"Lane County, Oregon",382353.0,189330.0,193023.0,310635.0,4446.0,4346.0,9584.0,763.0,,35796.00,56840.0,14.87
043,"Linn County, Oregon",130467.0,65422.0,65045.0,108534.0,765.0,1250.0,939.0,29.0,,33289.00,17080.0,13.09
047,"Marion County, Oregon",346703.0,175175.0,171528.0,224613.0,4521.0,6719.0,6371.0,3907.0,,33996.00,46094.0,13.29
051,"Multnomah County, Oregon",795083.0,395801.0,399282.0,539211.0,43081.0,10592.0,59296.0,4717.0,102832.0,49855.00,94559.0,11.89
053,"Polk County, Oregon",89614.0,43783.0,45831.0,68314.0,1358.0,831.0,1842.0,574.0,,34629.00,13495.0,15.06
059,"Umatilla County, Oregon",80215.0,42379.0,37836.0,53614.0,569.0,1836.0,127.0,78.0,,32388.00,6738.0,8.40
067,"Washington County, Oregon",600176.0,299993.0,300183.0,381081.0,14690.0,3821.0,69521.0,3511.0,107620.0,51260.00,43934.0,7.32
071,"Yamhill County, Oregon",108226.0,54890.0,53336.0,82899.0,484.0,2053.0,1951.0,474.0,,38892.00,11507.0,10.63
001,"Adams County, Pennsylvania",106027.0,53084.0,52943.0,94677.0,762.0,242.0,1175.0,0.0,,36150.00,8505.0,8.02
003,"Allegheny County, Pennsylvania",1233253.0,602672.0,630581.0,942101.0,145354.0,2925.0,53439.0,203.0,31095.0,46107.00,136407.0,11.06
005,"Armstrong County, Pennsylvania",64747.0,32619.0,32128.0,61073.0,770.0,39.0,273.0,0.0,,32563.00,7834.0,12.10
007,"Beaver County, Pennsylvania",165677.0,80804.0,84873.0,144935.0,8709.0,186.0,720.0,0.0,,37169.00,15826.0,9.55
011,"Berks County, Pennsylvania",430449.0,214645.0,215804.0,299845.0,19584.0,5043.0,5072.0,48.0,,37723.00,45445.0,10.56
013,"Blair County, Pennsylvania",121032.0,59531.0,61501.0,111296.0,2697.0,92.0,601.0,0.0,,33283.00,15013.0,12.40
017,"Bucks County, Pennsylvania",645054.0,318964.0,326090.0,522495.0,25256.0,1151.0,34802.0,0.0,,55464.00,36090.0,5.59
019,"Butler County, Pennsylvania",197300.0,98329.0,98971.0,184079.0,2658.0,169.0,2100.0,5.0,,43561.00,17148.0,8.69
021,"Cambria County, Pennsylvania",131441.0,65615.0,65826.0,119069.0,3686.0,243.0,754.0,0.0,,30885.00,21104.0,16.06
025,"Carbon County, Pennsylvania",65460.0,33064.0,32396.0,58306.0,2996.0,80.0,187.0,0.0,,33565.00,5628.0,8.60
027,"Centre County, Pennsylvania",158425.0,82820.0,75605.0,134540.0,5385.0,1066.0,8916.0,56.0,,35387.00,23488.0,14.83
029,"Chester County, Pennsylvania",545823.0,271309.0,274514.0,424549.0,29413.0,481.0,36595.0,322.0,,59436.00,28310.0,5.19
033,"Clearfield County, Pennsylvania",77904.0,40384.0,37520.0,72271.0,1450.0,0.0,315.0,168.0,,33053.00,7581.0,9.73
039,"Crawford County, Pennsylvania",82670.0,41083.0,41587.0,75950.0,829.0,18.0,498.0,0.0,,31550.00,10766.0,13.02
041,"Cumberland County, Pennsylvania",268579.0,132635.0,135944.0,219266.0,10710.0,284.0,14047.0,3.0,,43872.00,19892.0,7.41
043,"Dauphin County, Pennsylvania",288800.0,141602.0,147198.0,184683.0,47643.0,265.0,19564.0,0.0,,38522.00,35474.0,12.28
045,"Delaware County, Pennsylvania",575182.0,278828.0,296354.0,364779.0,125338.0,453.0,36691.0,0.0,,47163.00,53585.0,9.32
049,"Erie County, Pennsylvania",267689.0,133184.0,134505.0,220440.0,18935.0,116.0,5492.0,166.0,,32858.00,38548.0,14.40
051,"Fayette County, Pennsylvania",125755.0,62928.0,62827.0,109792.0,2852.0,292.0,595.0,0.0,,31505.00,21179.0,16.84
055,"Franklin County, Pennsylvania",156902.0,78235.0,78667.0,135910.0,5071.0,68.0,1273.0,0.0,,40088.00,11680.0,7.44
063,"Indiana County, Pennsylvania",82957.0,41575.0,41382.0,76600.0,1377.0,27.0,230.0,0.0,,32269.00,9765.0,11.77
069,"Lackawanna County, Pennsylvania",215615.0,106830.0,108785.0,174508.0,5642.0,460.0,6093.0,0.0,,35629.00,27399.0,12.71
071,"Lancaster County, Pennsylvania",556629.0,274175.0,282454.0,451805.0,24785.0,1682.0,13498.0,191.0,,41097.00,48110.0,8.64
073,"Lawrence County, Pennsylvania",84849.0,41181.0,43668.0,76904.0,2665.0,0.0,382.0,0.0,,33541.00,10075.0,11.87
075,"Lebanon County, Pennsylvania",144011.0,70109.0,73902.0,116108.0,3282.0,59.0,2388.0,0.0,,34916.00,18077.0,12.55
077,"Lehigh County, Pennsylvania",376317.0,185977.0,190340.0,231689.0,23481.0,624.0,14032.0,68.0,,41545.00,42455.0,11.28
079,"Luzerne County, Pennsylvania",326369.0,163252.0,163117.0,244005.0,13729.0,393.0,3938.0,470.0,,32613.00,49199.0,15.07
081,"Lycoming County, Pennsylvania",113104.0,55308.0,57796.0,100530.0,3405.0,885.0,1030.0,0.0,,35971.00,12143.0,10.74
085,"Mercer County, Pennsylvania",109220.0,53792.0,55428.0,95407.0,5279.0,88.0,1140.0,6.0,,33831.00,12185.0,11.16
089,"Monroe County, Pennsylvania",167198.0,82555.0,84643.0,103696.0,25777.0,844.0,4310.0,18.0,,37107.00,21446.0,12.83
091,"Montgomery County, Pennsylvania",864683.0,424391.0,440292.0,634704.0,83755.0,1490.0,68943.0,0.0,51685.0,58446.00,56325.0,6.51
095,"Northampton County, Pennsylvania",318526.0,157368.0,161158.0,235713.0,18379.0,660.0,9812.0,0.0,,40754.00,33543.0,10.53
097,"Northumberland County, Pennsylvania",90133.0,46353.0,43780.0,80946.0,3319.0,0.0,38.0,0.0,,33709.00,12377.0,13.73
101,"Philadelphia County, Pennsylvania",1567258.0,743296.0,823962.0,541855.0,618621.0,11280.0,124169.0,655.0,252374.0,36077.00,329385.0,21.02
107,"Schuylkill County, Pennsylvania",143104.0,74168.0,68936.0,124912.0,4649.0,146.0,682.0,0.0,,31275.00,15921.0,11.13
111,"Somerset County, Pennsylvania",72710.0,37976.0,34734.0,69020.0,1488.0,74.0,322.0,0.0,,29879.00,9818.0,13.50
125,"Washington County, Pennsylvania",210383.0,103921.0,106462.0,188672.0,5329.0,270.0,2728.0,0.0,,42361.00,24763.0,11.77
129,"Westmoreland County, Pennsylvania",352057.0,174186.0,177871.0,322879.0,7319.0,343.0,2819.0,77.0,,41089.00,33364.0,9.48
133,"York County, Pennsylvania",461058.0,229460.0,231598.0,377312.0,28316.0,1004.0,6843.0,97.0,,39471.00,41442.0,8.99
003,"Kent County, Rhode Island",171275.0,84133.0,87142.0,147216.0,2653.0,154.0,4382.0,0.0,,45414.00,11049.0,6.45
005,"Newport County, Rhode Island",84481.0,41629.0,42852.0,70078.0,3331.0,175.0,1887.0,38.0,,61778.00,5000.0,5.92
007,"Providence County, Rhode Island",657288.0,322864.0,334424.0,392540.0,52565.0,3776.0,28287.0,102.0,167583.0,39535.00,88487.0,13.46
009,"Washington County, Rhode Island",130330.0,63330.0,67000.0,116090.0,1688.0,352.0,3203.0,0.0,,52435.00,6677.0,5.12
003,"Aiken County, South Carolina",174150.0,84293.0,89857.0,114699.0,42609.0,353.0,2065.0,227.0,,35119.00,31199.0,17.92
007,"Anderson County, South Carolina",209581.0,101362.0,108219.0,162269.0,32367.0,138.0,2108.0,0.0,,34788.00,33055.0,15.77
013,"Beaufort County, South Carolina",196371.0,95662.0,100709.0,137804.0,31521.0,316.0,2226.0,0.0,,52430.00,18483.0,9.41
015,"Berkeley County, South Carolina",245117.0,122077.0,123040.0,154076.0,56568.0,567.0,5160.0,245.0,,38155.00,18480.0,7.54
019,"Charleston County, South Carolina",419279.0,203572.0,215707.0,277553.0,97440.0,3075.0,7263.0,582.0,,52484.00,46093.0,10.99
035,"Dorchester County, South Carolina",166133.0,83148.0,82985.0,103859.0,39542.0,1626.0,3724.0,96.0,,37995.00,18414.0,11.08
041,"Florence County, South Carolina",136721.0,64820.0,71901.0,67984.0,59432.0,190.0,2376.0,0.0,,31226.00,28364.0,20.75
045,"Greenville County, South Carolina",547950.0,267856.0,280094.0,372163.0,93682.0,972.0,13597.0,23.0,,39307.00,51473.0,9.39
047,"Greenwood County, South Carolina",69267.0,32014.0,37253.0,42027.0,21487.0,91.0,265.0,0.0,,27588.00,13134.0,18.96
051,"Horry County, South Carolina",383101.0,184146.0,198955.0,294673.0,45701.0,403.0,5229.0,93.0,,36516.00,47085.0,12.29
055,"Kershaw County, South Carolina",67751.0,32901.0,34850.0,44801.0,14824.0,108.0,440.0,0.0,,32147.00,7719.0,11.39
057,"Lancaster County, South Carolina",104577.0,50252.0,54325.0,71243.0,20361.0,248.0,2967.0,0.0,,36451.00,10462.0,10.00
059,"Laurens County, South Carolina",67965.0,33720.0,34245.0,46596.0,14591.0,19.0,332.0,362.0,,27624.00,11984.0,17.63
063,"Lexington County, South Carolina",304797.0,148557.0,156240.0,223877.0,48014.0,374.0,6313.0,42.0,,37258.00,33141.0,10.87
073,"Oconee County, South Carolina",80180.0,40018.0,40162.0,66949.0,3743.0,622.0,641.0,0.0,,37150.00,16123.0,20.11
075,"Orangeburg County, South Carolina",83094.0,39253.0,43841.0,27589.0,49901.0,122.0,873.0,41.0,,24431.00,19598.0,23.59
077,"Pickens County, South Carolina",133462.0,67162.0,66300.0,112473.0,6048.0,736.0,2247.0,242.0,,29551.00,20386.0,15.27
079,"Richland County, South Carolina",421566.0,202777.0,218789.0,170758.0,201848.0,2084.0,11305.0,0.0,,36196.00,64071.0,15.20
083,"Spartanburg County, South Carolina",345831.0,168981.0,176850.0,231630.0,65008.0,1755.0,8585.0,28.0,,32272.00,49977.0,14.45
085,"Sumter County, South Carolina",104012.0,50749.0,53263.0,45917.0,49450.0,1029.0,1421.0,113.0,,29221.00,10820.0,10.40
091,"York County, South Carolina",294248.0,143210.0,151038.0,199616.0,56180.0,1386.0,8827.0,131.0,,43167.00,22536.0,7.66
083,"Lincoln County, South Dakota",70987.0,35202.0,35785.0,63413.0,1554.0,417.0,1457.0,0.0,,43647.00,6896.0,9.71
099,"Minnehaha County, South Dakota",203971.0,104723.0,99248.0,163697.0,12686.0,4121.0,2835.0,59.0,,40913.00,16504.0,8.09
103,"Pennington County, South Dakota",114461.0,58162.0,56299.0,91525.0,1379.0,6501.0,1228.0,58.0,,38549.00,16401.0,14.33
001,"Anderson County, Tennessee",78913.0,39237.0,39676.0,69106.0,1399.0,125.0,1110.0,53.0,,34585.00,9767.0,12.38
009,"Blount County, Tennessee",139958.0,68650.0,71308.0,125214.0,3896.0,148.0,967.0,0.0,,37531.00,12574.0,8.98
011,"Bradley County, Tennessee",110616.0,53527.0,57089.0,94309.0,4982.0,150.0,1128.0,0.0,,31093.00,13990.0,12.65
037,"Davidson County, Tennessee",708144.0,341794.0,366350.0,401293.0,178312.0,1127.0,25145.0,408.0,77518.0,48105.00,96175.0,13.58
059,"Greene County, Tennessee",71405.0,35669.0,35736.0,65710.0,569.0,139.0,100.0,84.0,,26136.00,12752.0,17.86
063,"Hamblen County, Tennessee",65168.0,32662.0,32506.0,51664.0,1389.0,459.0,497.0,859.0,,33599.00,9537.0,14.63
065,"Hamilton County, Tennessee",374682.0,182132.0,192550.0,267350.0,61616.0,475.0,6606.0,167.0,,43510.00,41482.0,11.07
093,"Knox County, Tennessee",494574.0,242250.0,252324.0,400653.0,40992.0,637.0,11946.0,93.0,,40317.00,55201.0,11.16
113,"Madison County, Tennessee",99245.0,46893.0,52352.0,54288.0,34921.0,412.0,1128.0,0.0,,31675.00,12765.0,12.86
119,"Maury County, Tennessee",108159.0,53831.0,54328.0,86174.0,9244.0,592.0,1150.0,47.0,,34044.00,11096.0,10.26
125,"Montgomery County, Tennessee",235201.0,118415.0,116786.0,149541.0,47520.0,282.0,5085.0,955.0,,32019.00,26438.0,11.24
141,"Putnam County, Tennessee",82382.0,40616.0,41766.0,72091.0,1648.0,239.0,854.0,0.0,,30105.00,17757.0,21.55
147,"Robertson County, Tennessee",75470.0,37439.0,38031.0,61986.0,3365.0,278.0,374.0,0.0,,34313.00,5398.0,7.15
149,"Rutherford County, Tennessee",360619.0,179112.0,181507.0,243361.0,55538.0,595.0,14080.0,307.0,,34656.00,34312.0,9.51
155,"Sevier County, Tennessee",98789.0,48742.0,50047.0,87420.0,541.0,190.0,1244.0,0.0,,32183.00,10892.0,11.03
157,"Shelby County, Tennessee",916371.0,435472.0,480899.0,320019.0,491801.0,2072.0,27367.0,845.0,65401.0,36515.00,148682.0,16.23
163,"Sullivan County, Tennessee",160820.0,79108.0,81712.0,147824.0,1401.0,233.0,1492.0,0.0,,32544.00,24768.0,15.40
165,"Sumner County, Tennessee",203858.0,99320.0,104538.0,164864.0,18347.0,113.0,2760.0,146.0,,41576.00,12929.0,6.34
179,"Washington County, Tennessee",136172.0,67214.0,68958.0,119788.0,3248.0,398.0,2194.0,0.0,,39093.00,18668.0,13.71
187,"Williamson County, Tennessee",260815.0,129043.0,131772.0,214334.0,10291.0,478.0,14131.0,0.0,,62727.00,9917.0,3.80
189,"Wilson County, Tennessee",158555.0,78441.0,80114.0,129562.0,13155.0,0.0,3557.0,0.0,,40175.00,11138.0,7.02
005,"Angelina County, Texas",87101.0,43242.0,43859.0,56084.0,9922.0,1183.0,1040.0,0.0,,31568.00,12493.0,14.34
021,"Bastrop County, Texas",106188.0,53414.0,52774.0,63903.0,6153.0,1188.0,561.0,0.0,,30583.00,13884.0,13.07
027,"Bell County, Texas",388386.0,193812.0,194574.0,185772.0,89707.0,2552.0,12396.0,3005.0,,32780.00,55578.0,14.31
029,"Bexar County, Texas",2059530.0,1024634.0,1034896.0,858997.0,160295.0,27710.0,66438.0,3075.0,1262139.0,33642.00,317085.0,15.40
037,"Bowie County, Texas",92035.0,45528.0,46507.0,58791.0,23509.0,312.0,1151.0,719.0,,28760.00,16583.0,18.02
039,"Brazoria County, Texas",388181.0,196431.0,191750.0,184031.0,60960.0,1412.0,27740.0,226.0,,38229.00,36884.0,9.50
041,"Brazos County, Texas",242014.0,121469.0,120545.0,151651.0,23791.0,2093.0,12841.0,373.0,,31880.00,50723.0,20.96
061,"Cameron County, Texas",425208.0,210080.0,215128.0,137029.0,1671.0,1714.0,3403.0,403.0,,21787.00,93839.0,22.07
085,"Collin County, Texas",1158696.0,577666.0,581030.0,637172.0,130770.0,4114.0,214345.0,938.0,184219.0,53932.00,52844.0,4.56
091,"Comal County, Texas",184642.0,91954.0,92688.0,128445.0,3800.0,647.0,2712.0,60.0,,47086.00,12564.0,6.80
099,"Coryell County, Texas",85057.0,42978.0,42079.0,49967.0,11570.0,510.0,2106.0,801.0,,29477.00,6961.0,8.18
113,"Dallas County, Texas",2600840.0,1293425.0,1307415.0,868714.0,580743.0,19216.0,178898.0,1107.0,1078852.0,40819.00,364533.0,14.02
121,"Denton County, Texas",977281.0,484286.0,492995.0,556263.0,107008.0,7778.0,103538.0,559.0,196088.0,51621.00,78852.0,8.07
135,"Ector County, Texas",160869.0,81812.0,79057.0,66251.0,7679.0,1330.0,2550.0,0.0,,32825.00,27439.0,17.06
139,"Ellis County, Texas",212182.0,105284.0,106898.0,127150.0,30411.0,2700.0,1658.0,632.0,,36815.00,19187.0,9.04
141,"El Paso County, Texas",868763.0,432804.0,435959.0,234363.0,32382.0,9358.0,13470.0,1625.0,,26599.00,181926.0,20.94
157,"Fort Bend County, Texas",889146.0,439315.0,449831.0,293935.0,177280.0,4067.0,194033.0,1486.0,227010.0,43797.00,70729.0,7.95
167,"Galveston County, Texas",357117.0,177515.0,179602.0,211899.0,43468.0,1254.0,12602.0,0.0,,40882.00,48437.0,13.56
181,"Grayson County, Texas",143131.0,70224.0,72907.0,113692.0,7769.0,1348.0,2271.0,368.0,,36915.00,14134.0,9.87
183,"Gregg County, Texas",125443.0,61375.0,64068.0,72146.0,25330.0,465.0,1604.0,109.0,,31367.00,19899.0,15.86
187,"Guadalupe County, Texas",182760.0,91889.0,90871.0,97823.0,14681.0,2523.0,4095.0,126.0,,37643.00,18575.0,10.16
201,"Harris County, Texas",4780913.0,2381745.0,2399168.0,1594084.0,899519.0,69781.0,345584.0,4354.0,2131839.0,37848.00,781107.0,16.34
203,"Harrison County, Texas",69955.0,33192.0,36763.0,43105.0,12044.0,1617.0,0.0,0.0,,32553.00,10069.0,14.39
209,"Hays County, Texas",269225.0,133562.0,135663.0,157974.0,10865.0,1711.0,5627.0,110.0,,43831.00,26986.0,10.02
213,"Henderson County, Texas",84511.0,42275.0,42236.0,66744.0,4280.0,722.0,1598.0,0.0,,34445.00,8728.0,10.33
215,"Hidalgo County, Texas",888367.0,439292.0,449075.0,210228.0,4582.0,4625.0,8515.0,34.0,822106.0,21137.00,243504.0,27.41
221,"Hood County, Texas",66373.0,32324.0,34049.0,55640.0,596.0,591.0,780.0,0.0,,38653.00,6795.0,10.24
231,"Hunt County, Texas",108282.0,53346.0,54936.0,79599.0,8594.0,559.0,1154.0,43.0,,30983.00,13379.0,12.36
245,"Jefferson County, Texas",250830.0,129722.0,121108.0,100165.0,83966.0,775.0,9890.0,0.0,,29853.00,43923.0,17.51
251,"Johnson County, Texas",195506.0,98495.0,97011.0,137266.0,10080.0,1270.0,2009.0,0.0,,32362.00,19119.0,9.78
257,"Kaufman County, Texas",172366.0,85705.0,86661.0,90829.0,30283.0,794.0,3411.0,0.0,,33471.00,12666.0,7.35
291,"Liberty County, Texas",101992.0,50650.0,51342.0,59283.0,8833.0,528.0,79.0,96.0,,25248.00,25070.0,24.58
303,"Lubbock County, Texas",317561.0,156912.0,160649.0,192955.0,18555.0,2658.0,7400.0,55.0,,34551.00,53984.0,17.00
309,"McLennan County, Texas",266836.0,131783.0,135053.0,156596.0,35619.0,1133.0,4149.0,215.0,,32119.00,40874.0,15.32
329,"Midland County, Texas",171999.0,88167.0,83832.0,89846.0,12796.0,924.0,3690.0,0.0,,47100.00,21422.0,12.45
339,"Montgomery County, Texas",678490.0,337701.0,340789.0,464465.0,42219.0,2626.0,22150.0,825.0,183736.0,48175.00,55976.0,8.25
355,"Nueces County, Texas",351674.0,176510.0,175164.0,148959.0,14726.0,1808.0,7134.0,369.0,,33203.00,58621.0,16.67
361,"Orange County, Texas",84934.0,42859.0,42075.0,67117.0,7573.0,91.0,370.0,0.0,,34471.00,10620.0,12.50
367,"Parker County, Texas",165834.0,84308.0,81526.0,138969.0,2011.0,448.0,1929.0,1083.0,,47345.00,12084.0,7.29
375,"Potter County, Texas",115645.0,59818.0,55827.0,59806.0,12313.0,606.0,5681.0,49.0,,28169.00,20821.0,18.00
381,"Randall County, Texas",146140.0,72549.0,73591.0,102132.0,4436.0,343.0,1713.0,753.0,,39505.00,11653.0,7.97
397,"Rockwall County, Texas",123208.0,62263.0,60945.0,86102.0,10985.0,900.0,4322.0,301.0,,51069.00,4935.0,4.01
409,"San Patricio County, Texas",69954.0,36078.0,33876.0,31856.0,668.0,961.0,353.0,69.0,,28041.00,12489.0,17.85
423,"Smith County, Texas",241922.0,118130.0,123792.0,155857.0,37109.0,949.0,4095.0,0.0,,31859.00,25474.0,10.53
427,"Starr County, Texas",65728.0,32086.0,33642.0,,,,,,,16655.00,22762.0,34.63
439,"Tarrant County, Texas",2154595.0,1061166.0,1093429.0,1030884.0,382904.0,13993.0,129469.0,5457.0,657696.0,39178.00,224727.0,10.43
441,"Taylor County, Texas",145163.0,71487.0,73676.0,95562.0,12190.0,580.0,3270.0,77.0,,30742.00,23971.0,16.51
451,"Tom Green County, Texas",118892.0,59793.0,59099.0,73916.0,3661.0,480.0,1120.0,273.0,,34301.00,13378.0,11.25
453,"Travis County, Texas",1326436.0,679283.0,647153.0,721660.0,106662.0,8133.0,101654.0,1030.0,437878.0,59648.00,131756.0,9.93
469,"Victoria County, Texas",91065.0,45864.0,45201.0,50982.0,4401.0,142.0,1198.0,0.0,,30675.00,14447.0,15.86
471,"Walker County, Texas",78870.0,48547.0,30323.0,47545.0,16735.0,262.0,1548.0,59.0,,24882.00,10566.0,13.40
479,"Webb County, Texas",267780.0,133476.0,134304.0,46948.0,1454.0,1750.0,801.0,0.0,,24485.00,52898.0,19.75
485,"Wichita County, Texas",129978.0,67331.0,62647.0,97581.0,11328.0,1336.0,2910.0,1052.0,,32547.00,17743.0,13.65
491,"Williamson County, Texas",671418.0,335139.0,336279.0,391933.0,46351.0,2568.0,66204.0,572.0,170142.0,50800.00,44050.0,6.56
497,"Wise County, Texas",74895.0,38354.0,36541.0,59483.0,604.0,456.0,1289.0,0.0,,36958.00,4602.0,6.14
005,"Cache County, Utah",140173.0,70230.0,69943.0,117200.0,1150.0,331.0,2654.0,568.0,,31331.00,18459.0,13.17
011,"Davis County, Utah",369948.0,187316.0,182632.0,317034.0,5029.0,1463.0,6884.0,3618.0,,39365.00,23956.0,6.48
035,"Salt Lake County, Utah",1186257.0,602122.0,584135.0,839228.0,21707.0,12517.0,52103.0,21429.0,233780.0,42252.00,86920.0,7.33
045,"Tooele County, Utah",79934.0,40451.0,39483.0,66934.0,266.0,314.0,897.0,969.0,,37191.00,5205.0,6.51
049,"Utah County, Utah",702434.0,356944.0,345490.0,577592.0,4723.0,3844.0,11555.0,7347.0,92102.0,34479.00,54143.0,7.71
053,"Washington County, Utah",197680.0,98853.0,98827.0,167439.0,861.0,1730.0,2511.0,1595.0,,40325.00,20179.0,10.21
057,"Weber County, Utah",269561.0,137656.0,131905.0,222679.0,2692.0,1860.0,3548.0,612.0,,36764.00,20858.0,7.74
007,"Chittenden County, Vermont",169301.0,82357.0,86944.0,146628.0,2929.0,281.0,7507.0,13.0,,46006.00,17978.0,10.62
003,"Albemarle County, Virginia",114534.0,55467.0,59067.0,85608.0,9160.0,180.0,6142.0,0.0,,53536.00,9644.0,8.42
013,"Arlington County, Virginia",234000.0,117465.0,116535.0,143133.0,22486.0,480.0,24408.0,270.0,36500.0,90878.00,15010.0,6.41
015,"Augusta County, Virginia",78064.0,39641.0,38423.0,68642.0,3854.0,252.0,487.0,0.0,,35891.00,5489.0,7.03
019,"Bedford County, Virginia",80848.0,40561.0,40287.0,67554.0,4837.0,109.0,1216.0,0.0,,41903.00,5694.0,7.04
041,"Chesterfield County, Virginia",378408.0,182388.0,196020.0,222317.0,93814.0,387.0,15074.0,55.0,,46037.00,23695.0,6.26
059,"Fairfax County, Virginia",1138331.0,569665.0,568666.0,556644.0,113325.0,5346.0,231660.0,573.0,191620.0,68057.00,62861.0,5.52
061,"Fauquier County, Virginia",74664.0,37536.0,37128.0,59204.0,5616.0,151.0,1484.0,0.0,,56401.00,4304.0,5.76
069,"Frederick County, Virginia",95051.0,47965.0,47086.0,75867.0,3595.0,714.0,2497.0,128.0,,42366.00,6229.0,6.55
085,"Hanover County, Virginia",112938.0,55587.0,57351.0,92066.0,10384.0,134.0,2316.0,205.0,,50121.00,4915.0,4.35
087,"Henrico County, Virginia",333962.0,158883.0,175079.0,168785.0,98006.0,366.0,32120.0,266.0,,47719.00,30014.0,8.99
095,"James City County, Virginia",81199.0,38803.0,42396.0,59100.0,10176.0,0.0,1799.0,0.0,,51361.00,5563.0,6.85
107,"Loudoun County, Virginia",432085.0,216846.0,215239.0,229722.0,32851.0,1487.0,97246.0,237.0,60299.0,68825.00,16089.0,3.72
121,"Montgomery County, Virginia",98915.0,50555.0,48360.0,81523.0,4152.0,77.0,5894.0,14.0,,35003.00,19360.0,19.57
153,"Prince William County, Virginia",486943.0,245157.0,241786.0,206573.0,99437.0,3927.0,49884.0,99.0,125520.0,47774.00,33093.0,6.80
161,"Roanoke County, Virginia",96914.0,45753.0,51161.0,80035.0,5932.0,839.0,3342.0,91.0,,42342.00,7014.0,7.24
165,"Rockingham County, Virginia",85397.0,42162.0,43235.0,72814.0,1208.0,203.0,976.0,0.0,,37433.00,9779.0,11.45
177,"Spotsylvania County, Virginia",146688.0,73440.0,73248.0,95275.0,24373.0,193.0,4129.0,88.0,,41657.00,13646.0,9.30
179,"Stafford County, Virginia",163380.0,83120.0,80260.0,85255.0,32708.0,396.0,7344.0,50.0,,48467.00,6746.0,4.13
199,"York County, Virginia",71341.0,35259.0,36082.0,47632.0,9149.0,162.0,4505.0,145.0,,51267.00,2678.0,3.75
510,"Alexandria city, Virginia",155525.0,76371.0,79154.0,79750.0,32101.0,375.0,10094.0,0.0,,76762.00,12521.0,8.05
550,"Chesapeake city, Virginia",252488.0,124226.0,128262.0,140919.0,73251.0,358.0,9863.0,0.0,,43483.00,20807.0,8.24
650,"Hampton city, Virginia",138037.0,67193.0,70844.0,51038.0,67212.0,166.0,3514.0,487.0,,34604.00,18364.0,13.30
680,"Lynchburg city, Virginia",79287.0,36734.0,42553.0,48863.0,20680.0,181.0,1712.0,295.0,,26462.00,13873.0,17.50
700,"Newport News city, Virginia",184306.0,89335.0,94971.0,75609.0,75590.0,386.0,5959.0,1479.0,,33006.00,30016.0,16.29
710,"Norfolk city, Virginia",232995.0,117847.0,115148.0,103192.0,91839.0,1117.0,8563.0,454.0,,36634.00,38197.0,16.39
740,"Portsmouth city, Virginia",97029.0,47862.0,49167.0,35068.0,49396.0,683.0,1692.0,52.0,,29791.00,18979.0,19.56
760,"Richmond city, Virginia",229395.0,108766.0,120629.0,100542.0,93406.0,174.0,5763.0,406.0,,41970.00,47489.0,20.70
770,"Roanoke city, Virginia",97847.0,44541.0,53306.0,55210.0,28727.0,11.0,3053.0,75.0,,33589.00,19428.0,19.86
800,"Suffolk city, Virginia",98537.0,48345.0,50192.0,46146.0,41547.0,173.0,1725.0,0.0,,40593.00,11567.0,11.74
810,"Virginia Beach city, Virginia",455618.0,224019.0,231599.0,274572.0,85511.0,1363.0,32676.0,1531.0,41186.0,44287.00,44673.0,9.80
005,"Benton County, Washington",212791.0,107806.0,104985.0,148092.0,4386.0,1944.0,6845.0,425.0,,39208.00,24444.0,11.49
007,"Chelan County, Washington",79926.0,39973.0,39953.0,53786.0,1039.0,851.0,308.0,104.0,,42643.00,5655.0,7.08
009,"Clallam County, Washington",77805.0,38583.0,39222.0,62865.0,615.0,3159.0,1830.0,0.0,,41830.00,8971.0,11.53
011,"Clark County, Washington",516779.0,257272.0,259507.0,387559.0,12379.0,3110.0,23988.0,3527.0,,46919.00,43729.0,8.46
015,"Cowlitz County, Washington",111956.0,55875.0,56081.0,93492.0,1041.0,1817.0,1536.0,27.0,,34934.00,14873.0,13.28
021,"Franklin County, Washington",98678.0,50990.0,47688.0,46833.0,964.0,3028.0,1671.0,0.0,,35445.00,8588.0,8.70
025,"Grant County, Washington",101311.0,51345.0,49966.0,60945.0,198.0,1809.0,1200.0,0.0,,31386.00,15212.0,15.02
027,"Grays Harbor County, Washington",77038.0,39227.0,37811.0,59116.0,661.0,4080.0,741.0,22.0,,32715.00,16722.0,21.71
029,"Island County, Washington",86625.0,44991.0,41634.0,66626.0,2510.0,1258.0,4395.0,129.0,,44062.00,4242.0,4.90
033,"King County, Washington",2266789.0,1151810.0,1114979.0,1242249.0,149746.0,15792.0,472589.0,17567.0,237734.0,69948.00,189642.0,8.37
035,"Kitsap County, Washington",277673.0,143650.0,134023.0,209867.0,6671.0,2340.0,14198.0,2292.0,,48899.00,26790.0,9.65
041,"Lewis County, Washington",85370.0,43022.0,42348.0,69706.0,706.0,1094.0,1073.0,493.0,,34574.00,8757.0,10.26
045,"Mason County, Washington",68166.0,35324.0,32842.0,52089.0,1193.0,2462.0,643.0,88.0,,38647.00,7214.0,10.58
053,"Pierce County, Washington",927380.0,466724.0,460656.0,596810.0,67137.0,10273.0,62274.0,15772.0,116545.0,45035.00,80282.0,8.66
057,"Skagit County, Washington",131179.0,66892.0,64287.0,97034.0,1782.0,2054.0,2905.0,320.0,,39676.00,15570.0,11.87
061,"Snohomish County, Washington",840079.0,424312.0,415767.0,543327.0,30075.0,8755.0,111078.0,5450.0,97669.0,51337.00,71401.0,8.50
063,"Spokane County, Washington",549690.0,273987.0,275703.0,455622.0,9191.0,6141.0,13177.0,3259.0,,40069.00,65394.0,11.90
067,"Thurston County, Washington",298758.0,147104.0,151654.0,216193.0,10913.0,3574.0,18273.0,2906.0,,43488.00,25476.0,8.53
073,"Whatcom County, Washington",230677.0,113417.0,117260.0,178157.0,2410.0,4246.0,12192.0,370.0,,44596.00,26140.0,11.33
077,"Yakima County, Washington",257001.0,129749.0,127252.0,117784.0,1495.0,10510.0,2801.0,197.0,,28101.00,42108.0,16.38
003,"Berkeley County, West Virginia",129490.0,64794.0,64696.0,105989.0,9961.0,162.0,1344.0,0.0,,35356.00,14981.0,11.57
011,"Cabell County, West Virginia",92730.0,45077.0,47653.0,82133.0,2643.0,566.0,706.0,0.0,,30468.00,17362.0,18.72
033,"Harrison County, West Virginia",64915.0,32009.0,32906.0,60286.0,571.0,104.0,508.0,0.0,,37493.00,9150.0,14.10
039,"Kanawha County, West Virginia",175515.0,84533.0,90982.0,150758.0,13811.0,63.0,2276.0,0.0,,36483.00,31659.0,18.04
061,"Monongalia County, West Virginia",106869.0,55418.0,51451.0,92886.0,2892.0,32.0,3572.0,0.0,,35003.00,20351.0,19.04
081,"Raleigh County, West Virginia",72882.0,36230.0,36652.0,64009.0,5315.0,0.0,512.0,0.0,,29755.00,14006.0,19.22
107,"Wood County, West Virginia",83340.0,40816.0,42524.0,79320.0,578.0,203.0,719.0,0.0,,33360.00,17154.0,20.58
009,"Brown County, Wisconsin",270036.0,134785.0,135251.0,215962.0,7026.0,5736.0,8585.0,41.0,,38797.00,26183.0,9.70
017,"Chippewa County, Wisconsin",66807.0,35126.0,31681.0,62045.0,1011.0,119.0,969.0,0.0,,36200.00,6440.0,9.64
025,"Dane County, Wisconsin",568203.0,284977.0,283226.0,443443.0,29457.0,1286.0,33497.0,136.0,,51334.00,57605.0,10.14
027,"Dodge County, Wisconsin",88282.0,45833.0,42449.0,78195.0,2708.0,490.0,241.0,139.0,,34794.00,7372.0,8.35
035,"Eau Claire County, Wisconsin",106837.0,53645.0,53192.0,95627.0,1124.0,539.0,3772.0,214.0,,38896.00,11749.0,11.00
039,"Fond du Lac County, Wisconsin",103836.0,51558.0,52278.0,91747.0,1326.0,280.0,2110.0,0.0,,37086.00,9626.0,9.27
055,"Jefferson County, Wisconsin",85784.0,43419.0,42365.0,76307.0,972.0,169.0,557.0,34.0,,38328.00,6635.0,7.73
059,"Kenosha County, Wisconsin",167817.0,83860.0,83957.0,126737.0,10301.0,488.0,3149.0,23.0,,39680.00,14735.0,8.78
063,"La Crosse County, Wisconsin",120294.0,60168.0,60126.0,106199.0,2889.0,567.0,6084.0,43.0,,36865.00,13652.0,11.35
071,"Manitowoc County, Wisconsin",81172.0,41021.0,40151.0,72381.0,526.0,76.0,2571.0,0.0,,33930.00,9023.0,11.12
073,"Marathon County, Wisconsin",137958.0,69794.0,68164.0,119757.0,1340.0,411.0,8531.0,0.0,,38824.00,15991.0,11.59
079,"Milwaukee County, Wisconsin",918661.0,447146.0,471515.0,466627.0,233345.0,6663.0,46334.0,1350.0,152467.0,35219.00,154242.0,16.79
087,"Outagamie County, Wisconsin",192127.0,96940.0,95187.0,164200.0,3612.0,2658.0,6771.0,224.0,,41061.00,13651.0,7.11
089,"Ozaukee County, Wisconsin",93009.0,45904.0,47105.0,83541.0,1991.0,70.0,1527.0,0.0,,55780.00,6459.0,6.94
097,"Portage County, Wisconsin",70718.0,36180.0,34538.0,64096.0,550.0,28.0,1793.0,0.0,,36859.00,6158.0,8.71
101,"Racine County, Wisconsin",195846.0,98146.0,97700.0,140087.0,17728.0,329.0,2168.0,57.0,,37810.00,15381.0,7.85
105,"Rock County, Wisconsin",164060.0,82581.0,81479.0,132474.0,6630.0,128.0,1800.0,0.0,,34953.00,15873.0,9.68
109,"St. Croix County, Wisconsin",96017.0,48282.0,47735.0,89023.0,1209.0,101.0,1004.0,0.0,,44905.00,5302.0,5.52
111,"Sauk County, Wisconsin",65777.0,32746.0,33031.0,57467.0,806.0,393.0,260.0,0.0,,36723.00,5826.0,8.86
117,"Sheboygan County, Wisconsin",117841.0,60026.0,57815.0,98515.0,2686.0,464.0,5841.0,74.0,,36449.00,11395.0,9.67
127,"Walworth County, Wisconsin",105380.0,52926.0,52454.0,89439.0,734.0,49.0,1157.0,0.0,,42431.00,10251.0,9.73
131,"Washington County, Wisconsin",137688.0,69249.0,68439.0,125793.0,1347.0,200.0,2233.0,63.0,,44400.00,8710.0,6.33
133,"Waukesha County, Wisconsin",410434.0,205247.0,205187.0,357821.0,8142.0,275.0,16474.0,0.0,,54604.00,21311.0,5.19
139,"Winnebago County, Wisconsin",170718.0,86933.0,83785.0,148736.0,3486.0,893.0,5560.0,0.0,,38971.00,19676.0,11.53
141,"Wood County, Wisconsin",73993.0,36722.0,37271.0,67433.0,833.0,138.0,1209.0,0.0,,38801.00,8420.0,11.38
021,"Laramie County, Wyoming",100723.0,51389.0,49334.0,83181.0,2109.0,1084.0,816.0,380.0,,37691.00,10605.0,10.53
025,"Natrona County, Wyoming",79601.0,40401.0,39200.0,69414.0,279.0,421.0,212.0,38.0,,40043.00,7047.0,8.85
013,"Arecibo Municipio, Puerto Rico",86090.0,41954.0,44136.0,4794.0,1911.0,10.0,618.0,0.0,,15049.00,30988.0,35.99
021,"Bayamn Municipio, Puerto Rico",181577.0,84658.0,96919.0,20745.0,10302.0,234.0,565.0,0.0,,16807.00,69096.0,38.05
025,"Caguas Municipio, Puerto Rico",125136.0,58551.0,66585.0,44938.0,8959.0,708.0,0.0,0.0,,20578.00,49785.0,39.78
031,"Carolina Municipio, Puerto Rico",151571.0,68759.0,82812.0,28299.0,16347.0,0.0,1087.0,0.0,,19963.00,46413.0,30.62
061,"Guaynabo Municipio, Puerto Rico",89057.0,41688.0,47369.0,10314.0,1969.0,0.0,559.0,0.0,,29659.00,25879.0,29.06
097,"Mayagez Municipio, Puerto Rico",70609.0,33711.0,36898.0,7031.0,1691.0,108.0,105.0,0.0,,14268.00,35272.0,49.95
113,"Ponce Municipio, Puerto Rico",132138.0,62755.0,69383.0,31460.0,5326.0,218.0,137.0,0.0,,12118.00,68118.0,51.55
127,"San Juan Municipio, Puerto Rico",334776.0,152697.0,182079.0,89419.0,41340.0,1225.0,907.0,93.0,,25025.00,126728.0,37.85
135,"Toa Alta Municipio, Puerto Rico",66041.0,30992.0,35049.0,4666.0,1178.0,0.0,412.0,0.0,,20463.00,18491.0,28.00
137,"Toa Baja Municipio, Puerto Rico",72783.0,34120.0,38663.0,5151.0,3086.0,0.0,0.0,0.0,,16903.00,24484.0,33.64
139,"Trujillo Alto Municipio, Puerto Rico",66810.0,31251.0,35559.0,11639.0,4642.0,95.0,0.0,0.0,,20937.00,20202.0,30.24
